"player","position","team","playerId","birthdate","points","lower","upper","sdPts","positionRank","dropoff","tier","exp","ecrPosition","sdRank","risk"
"49ers","DST","SF",100029,NA,8.67660208643815,3.6,11.9481516042381,5.85078370662092,30,0.876602086438153,19,46,19.8,4.4,7.67820899509893
"A.J. Derby","TE","DEN",2552580,1991-09-20,2.92613636363636,1.3625,3.98041754756871,1.52965522611888,42,0.0897632708821234,14,1,39.7,5.8,4.7145391766575
"A.J. Green","WR","CIN",2495450,1988-07-31,13.8869788694912,10.6225,15.9397140843423,2.69476816563474,14,0.17605163757008,3,5,3.3,1.5,1.88306366587194
"AJ McCarron","QB","CIN",2543497,1990-09-13,1.324,1.324,1.324,2.22383863495563e-16,35,0.502,20,2,NA,NA,3.79321556663569
"Aaron Burbridge","WR","SF",2555362,1993-12-23,0.9525,0.9525,0.9525,1.11191931747782e-16,125,0.0433550670640835,29,0,NA,NA,NA
"Aaron Murray","QB","FA",2543587,1990-11-10,0,0,0,NA,48,0,30,2,NA,NA,NA
"Aaron Ripkowski","RB","GB",2552477,1992-12-20,1.84240685543964,0.025,3.06779269053478,1.77791074642341,83,0.133340705059967,19,1,84.5,6.1,5.14068709276121
"Aaron Rodgers","QB","GB",2506363,1983-12-02,20.4777223796034,20.336,20.5666075627677,0.133321137325372,2,0.777949008498581,2,11,1.4,1.4,3.1812651953559
"Adam Humphries","WR","TB",2553895,1993-06-24,3.6570821529745,2.825,4.17894591776481,0.782756677478503,94,0.0615463817692081,23,1,82.9,9.1,6.4917633038823
"Adam Thielen","WR","MIN",2541785,1990-08-22,5.60500745156483,1.76,8.19750216615257,3.7614472773415,66,0.0223837910723157,15,2,33.4,6.3,4.79382133198375
"Adam Vinatieri","K","IND",2503471,1972-12-28,6.27900507614213,2.88247619047619,7.44240985048373,2.20094307545376,13,0.301696748409488,3,20,17.1,3.9,7.05849822707702
"Adrian Peterson","RB","MIN",2507164,1985-03-21,11.5618049792531,5.3775,15.6169310918666,5.98749668136568,15,0.814430621418692,5,9,NA,NA,NA
"Alan Cross","RB","TB",2556508,1993-05-02,0,0,0,NA,109,0,28,0,109.5,20.5,13.1284982566206
"Albert Wilson","WR","KC",2550272,1992-07-12,4.25520119225037,3.64,4.60593023255814,0.848528137423857,86,0.137266909280547,21,2,90.5,7.8,5.70343310264369
"Aldrick Robinson","WR","ATL",2495331,1988-09-24,2.71410788381743,2.5,2.87786089935347,0.228385124527616,108,0.244756103161822,26,5,NA,NA,NA
"Alex Erickson","WR","CIN",2556519,1992-11-06,0.220350223546945,0.105,0.298125064984577,0.112843418320245,145,0.0328502235469448,35,0,106.3,9.1,6.4917633038823
"Alex Smith","QB","KC",2506340,1984-05-07,17.9339773371105,14.844,19.8719436791318,2.90680479713953,8,0.485603399433426,5,11,17.2,2.8,8.4970726410223
"Alfred Blue","RB","HOU",2543600,1991-04-27,2.30267351274788,1,3.33461913935598,1.42032461639245,75,0.0679938998744096,19,2,NA,NA,NA
"Alfred Morris","RB","DAL",2533457,1988-12-12,4.31250922574693,2.2375,6.47385327899236,2.55261810609284,56,0.119957062982139,16,4,75.1,5.3,4.69691980588014
"Allen Hurns","WR","JAC",2550353,1991-11-21,8.21082142857143,7.1625,9.32499548929664,1.31394133440042,42,0.0833125123493375,8,2,45.3,4.5,3.70228720719182
"Allen Robinson","WR","JAC",2543509,1993-08-24,13.9548333333333,9.925,16.2039248021108,3.07370793265044,12,0.0441177081115605,3,2,NA,NA,NA
"Alshon Jeffery","WR","CHI",2533039,1990-02-14,14.1275933609959,10.6875,16.3833055978279,3.33061639936107,10,0.155294260027663,3,4,NA,NA,NA
"Amari Cooper","WR","OAK",2552487,1994-06-18,14.6303452380952,10.8225,17.0665715259455,3.20451105752409,7,0.233474560363565,3,1,10.5,4.4,3.64164642248116
"Ameer Abdullah","RB","DET",2552374,1993-06-13,6.84091874955645,5.545,7.77351001617394,1.17062766546029,34,0.113967410048967,10,1,22.6,4.5,4.25315251899906
"Andre Caldwell","WR","DET",206,1985-04-15,0,0,0,NA,154,0,0,8,NA,NA,NA
"Andre Ellington","RB","ARI",2539217,1989-02-03,1.84022619047619,0.35,2.80728116717635,1.27584695987214,84,0.268386528635299,19,3,59.7,5,4.53050707329973
"Andre Holmes","WR","OAK",2495453,1988-06-16,5.875,5.875,5.875,8.78442885409717e-16,62,0.126304023845007,14,5,NA,NA,NA
"Andre Roberts","WR","DET",497320,1988-01-09,1.25,1.25,1.25,0,122,0.143328986587183,28,6,NA,NA,NA
"Andre Williams","RB","SD",2543565,1992-08-28,0,0,0,NA,109,0,28,2,NA,NA,NA
"Andrew Hawkins","WR","CLE",2508097,1986-03-10,0,0,0,NA,154,0,39,5,NA,NA,NA
"Andrew Luck","QB","IND",2533031,1989-09-12,19.8156317280453,17.168,21.4761685589781,2.49068124730579,3,0.723674220963172,3,4,NA,NA,9.05155699563485
"Andy Dalton","QB","CIN",2495143,1987-10-29,11.7771331444759,10.128,12.8114334576603,1.55137323433159,25,0.438881019830028,15,5,20.3,3.2,7.74859199370367
"Andy Janovich","RB","DEN",2555432,1993-05-23,1.4,1.4,1.4,0,90,0.218150149031296,20,0,96.5,6.7,5.47351255792202
"Anquan Boldin","WR","DET",2505587,1980-10-03,5.625,5.625,5.625,0,64,0.00999627421758564,15,13,NA,NA,NA
"Anthony Fasano","TE","TEN",2495835,1984-04-20,0,0,0,NA,90,0,0,10,NA,NA,NA
"Anthony Sherman","RB","KC",2495340,1988-12-11,0.105141579731744,0.0625,0.136281828664142,0.0438835515689841,105,0.0601415797317437,26,5,NA,NA,NA
"Antone Smith","RB","TB",89798,1985-09-17,0,0,0,NA,109,0,28,7,NA,NA,NA
"Antonio Andrews","RB","TEN",2550474,1992-08-17,0,0,0,NA,109,0,28,2,NA,NA,NA
"Antonio Brown","WR","PIT",2508061,1988-07-10,19.3956098218721,16.655,20.7959135933058,1.94746612497043,1,1.68259573448928,1,6,1.3,0.8,1.4585781728973
"Antonio Gates","TE","SD",2505299,1980-06-18,9.26926002766252,4.25,12.5604515960689,4.85952792744873,8,0.788307646710136,3,13,NA,NA,NA
"Antwan Goodley","WR","GB",2554138,1991-09-06,0,0,0,NA,154,0,39,1,NA,NA,NA
"Arrelious Benn","WR","JAC",497270,1988-09-08,0.4,0.4,0.4,7.85241294394891e-17,140,0.10625,34,6,105.6,5.2,4.12677270016646
"Asante Cleveland","TE","SD",2550454,1992-03-21,0,0,0,NA,90,0,0,2,NA,NA,NA
"Austin Davis","QB","FA",2533349,1989-06-02,0,0,0,NA,48,0,30,4,NA,NA,NA
"Austin Hooper","TE","ATL",2555415,1994-10-29,5.8625,5.8625,5.8625,1.25638607103182e-15,18,0.399245387126535,8,0,15.2,3.3,3.35087282311054
"Austin Seferian-Jenkins","TE","NYJ",2543683,1992-09-29,5.1,5.1,5.1,0,22,0.25892658168083,9,2,24.6,7.4,5.58728564292756
"Bears","DST","CHI",100005,NA,9.40253353204173,5.5,13.5476601180473,5.00997123854225,24,0.155365126676601,16,46,28.9,1.8,2.08745047950317
"Beau Sandland","TE","FA",2555487,1993-02-23,0,0,0,NA,90,0,26,0,NA,NA,NA
"Ben Braunecker","TE","CHI",2556478,1994-02-07,0,0,0,NA,90,NA,26,0,NA,NA,NA
"Ben Koyack","TE","JAC",2552396,1993-04-09,0.346758569299553,0.225,0.428854235261498,0.119112497115814,74,0.0530085692995529,23,1,62.8,4,3.73269940210369
"Ben Roethlisberger","QB","PIT",2506109,1982-03-02,17.4967478753541,16.5,18.2863468045846,1.08676927092499,9,0.152736543909345,5,12,8.3,2.1,5.3817827719927
"Bengals","DST","CIN",100006,NA,10.0461997019374,6.2,14.1780538958774,4.9370130884681,19,0.284798807749629,13,46,27.8,3.8,5.2704790473774
"Benjamin Watson","TE","BAL",2506122,1980-12-18,3.2375,3.2375,3.2375,Inf,38,0.125,14,12,17.7,4,3.73269940210369
"Bennie Fowler","WR","DEN",2550198,1991-06-10,0.4375,0.4375,0.4375,0,138,0.0197000745156483,33,2,86.8,6.9,5.15766604024772
"Benny Cunningham","RB","LAR",2541544,1990-07-07,2.57778699861687,0.46,3.96644641755803,2.05039089575904,74,0.301450242242937,18,3,NA,NA,NA
"Bilal Powell","RB","NYJ",2495328,1988-10-27,7.74551160669931,5.47119970193741,9.41078067024371,2.120552153874,30,0.66815117975748,9,5,40.4,3.7,3.80938523211798
"Bills","DST","BUF",100003,NA,9.58166915052161,8.3,14.1282742719436,3.67370770381301,22,0.158569299552905,14,46,21.3,4.6,4.62743594149434
"Bishop Sankey","RB","MIN",2543682,1992-09-15,0,0,0,0,109,0,28,2,NA,NA,NA
"Blaine Gabbert","QB","SF",2495441,1989-10-15,11.1,11.1,11.1,2.51843599756742e-15,27,0.125509915014165,16,5,NA,NA,3.79321556663569
"Blair Walsh","K","FA",2532968,1990-01-08,1.7,1.7,1.7,2.19610721352429e-16,27,0.127385892116183,10,4,NA,NA,1.73027914870698
"Blake Bortles","QB","JAC",2543477,1991-12-16,16.6251019830028,16.4,16.8034221872807,0.245432093712613,17,1.01621388101982,9,2,29.3,1.9,4.15250616353223
"Bradley Marquez","WR","LAR",2553725,1992-12-14,0.6625,0.6625,0.6625,0,132,0.0575745156482862,31,1,NA,NA,NA
"Branden Oliver","RB","SD",2550658,1991-05-07,2.7,2.7,2.7,6.28193035515912e-16,73,0.259769744317626,18,2,NA,NA,NA
"Brandin Cooks","WR","NO",2543498,1993-09-25,14.6158022130014,11.025,16.9703361287803,3.47652911780927,8,0.463035961272476,3,2,NA,NA,NA
"Brandon Allen","QB","JAC",2555365,1992-09-05,0,0,0,NA,48,0,30,0,NA,NA,NA
"Brandon Bolden","RB","NE",2532797,1990-01-26,3.1525,3.1525,3.1525,6.28039902315353e-16,64,0.144240476190476,18,4,NA,NA,NA
"Brandon Bostick","TE","NYJ",2536342,1989-05-03,0,0,0,NA,90,0,0,4,NA,NA,NA
"Brandon Coleman","WR","NO",2550328,1992-06-22,4.761717585693,4.2875,5.08145860049215,0.463911830872118,76,0.0648961571215665,18,2,64.3,6.8,5.09702525553706
"Brandon Gibson","WR","NE",81288,1987-08-13,0.4875,0.4875,0.4875,Inf,136,0.0375000000000001,0,7,NA,NA,NA
"Brandon LaFell","WR","CIN",497302,1986-11-04,5.24958333333333,3.97,6.74465709786822,1.75708392428009,72,0.262083333333333,16,6,65.3,7.2,5.33958839437971
"Brandon Marshall","WR","NYJ",2495893,1984-03-23,13.989764868603,11.775,15.4420138896492,2.14428255806484,11,0.0451220114601867,3,10,NA,NA,NA
"Brandon McManus","K","DEN",2541556,1991-07-25,6.50817332821453,2.3227619047619,9.36169288645691,3.37279415431159,12,0.271222512087925,3,2,14.8,2.3,5.315800901146
"Brandon Myers","TE","TB",89766,1985-09-04,0,0,0,NA,90,0,0,7,NA,NA,NA
"Brandon Tate","WR","BUF",81306,1987-10-05,0.5125,0.5125,0.5125,0,135,0.0375,32,7,124.5,2.5,2.48947151297857
"Brandon Weeden","QB","HOU",2532970,1983-10-14,0,0,0,NA,48,0,30,4,NA,NA,NA
"Brandon Williams","TE","SEA",2539645,1987-10-12,0.175,0.175,0.175,NA,87,0.06875,26,4,NA,NA,NA
"Braxton Miller","WR","HOU",2555348,1992-11-30,2.25245901639344,1.9,2.49010436523065,0.344799333756304,114,0.0972788395509219,27,0,93.8,10.2,7.15881193569959
"Brent Celek","TE","PHI",2507218,1985-01-25,2.29997619047619,0.725,3.20840214067278,1.21801711495033,50,0.263927515790221,16,9,55.3,10.5,7.27823192132579
"Breshad Perriman","WR","BAL",2552597,1993-09-10,3.83699701937407,1.075,5.69927238935293,2.70197296089031,91,0.0972718473225758,22,1,81.6,6.8,5.09702525553706
"Brett Hundley","QB","GB",2552588,1993-06-15,0.01,0.01,0.01,0,47,0.01,29,1,NA,NA,3.79321556663568
"Brian Hoyer","QB","CHI",81294,1985-10-31,0,0,0,NA,48,0,30,7,NA,NA,NA
"Brian Quick","WR","LAR",2532933,1989-06-05,2.125,2.125,2.125,6.28193035515912e-16,117,0.459310730253353,27,4,NA,NA,NA
"Brice Butler","WR","DAL",2541388,1990-01-29,2.92262667660209,2.0575,3.50593798738433,0.846325637401837,107,0.269113811180625,26,3,97.6,9.4,6.67368565801429
"Brittan Golden","WR","ARI",2535988,1988-07-20,0.2375,0.2375,0.2375,2.80701558417532e-17,144,0.0210748882265276,35,4,117.8,4.5,3.70228720719182
"Brock Osweiler","QB","HOU",2533436,1990-11-22,18.6,18.6,18.6,0,5,0.0993257790368283,4,4,NA,NA,3.79321556663568
"Broncos","DST","DEN",100009,NA,11.8867362146051,10.4,16.4925914685245,3.74692275619227,5,0.141803278688526,4,46,3.1,2.1,0.620728111501521
"Browns","DST","CLE",100007,NA,8.80253353204173,4.7,11.7926449204789,5.75608285680163,29,0.564232488822654,19,46,16.6,3.7,6.37745501915763
"Bruce Ellington","WR","SF",2543646,1991-08-22,0,0,0,NA,154,0,39,2,NA,NA,NA
"Bryce Petty","QB","NYJ",2552369,1991-05-31,0.02,0.02,0.02,3.47474786711817e-18,45,0.01,28,1,NA,NA,3.79321556663568
"Bryce Treggs","WR","PHI",2556697,1994-04-30,0,0,0,NA,154,0,39,0,NA,NA,NA
"Buccaneers","DST","TB",100031,NA,9.1,5.1,13.1060790273556,7.07106781186547,27,0.23859910581222,18,46,15.1,3.4,7.92482054174
"Byron Marshall","WR","PHI",2556841,1994-02-13,0,0,0,NA,154,0,39,0,NA,NA,NA
"C.J. Anderson","RB","DEN",2540269,1991-02-10,13.2014761904762,9.37,15.2321530343008,2.82561401442245,11,0.251321125050589,4,3,9.7,2,2.8663797474957
"C.J. Fiedorowicz","TE","HOU",2543721,1991-10-22,4.40314828614009,0.9875,6.70614775759886,3.34141899803836,26,0.0958328099496129,10,2,NA,NA,NA
"C.J. Prosise","RB","SEA",2555417,1994-05-20,3.22498333333333,0.8475,4.59549840600775,1.87939184673503,63,0.141233333333333,18,0,62.6,5.9,5.02974527104094
"C.J. Spiller","RB","FA",497204,1987-08-15,0.28,0.28,0.28,7.85241294394891e-17,98,0.06875,23,6,NA,NA,NA
"C.J. Uzomah","TE","CIN",2552559,1993-01-14,0.470417287630402,0.15,0.686458513846047,0.313453939778458,68,0.0454172876304024,21,1,47.9,12.3,8.2600716958796
"Cairo Santos","K","KC",2550636,1991-11-21,6.8125977761663,2.41838095238095,9.19277704485488,3.17285288780592,9,0.137843848199179,2,2,9,2.5,5.48713466737561
"Caleb Sturgis","K","PHI",2539637,1989-08-09,7.39254847929019,2.44085714285714,8.97519338010433,3.20279719410588,5,0.0818469763539929,1,3,NA,NA,7.30234376538903
"Cam Newton","QB","CAR",2495455,1989-05-11,19.5839150141643,18.3,20.6010006237493,1.3998719419164,4,1.009888101983,3,5,6.4,2.3,6.05345342599928
"Cameron Artis-Payne","RB","CAR",2552375,1990-06-23,2.1775619047619,1,3.28928375127421,1.33125588159561,80,0.0525619047619048,19,1,NA,NA,NA
"Cameron Brate","TE","TB",2550656,1991-07-03,4.76898016997167,3.75,5.57619097122957,1.11100947771142,24,0.362173884044484,10,2,20,2.6,2.9690462441174
"Cameron Meredith","WR","CHI",2553568,1992-09-21,0,0,0,NA,154,0,39,1,NA,NA,NA
"Cardinals","DST","ARI",100026,NA,12.0949329359165,7.9,16.3335551438446,5.13199110351942,4,0.277198211624441,3,46,15.7,4.5,6.72693606809951
"Carlos Hyde","RB","SF",2543743,1991-09-20,8.39473243914555,6.405,9.47119132759159,1.4757228315638,24,0.149847766304733,7,2,10.1,2.4,3.08826339093624
"Carson Palmer","QB","ARI",2505245,1979-12-27,14.960730878187,13.988,15.5708064535418,0.915067806187773,20,1.18505240793201,11,13,16.8,2.8,6.39458900396099
"Carson Wentz","QB","PHI",2555259,1992-12-30,10.8489801699717,8.24,12.1946807387863,3.43653895656662,29,2.11498016997167,16,0,13.8,3.1,9.56799941455765
"Case Keenum","QB","LAR",2532888,1988-02-12,6.4,6.4,6.4,1.71677048606632e-15,33,4.293,18,4,NA,NA,3.79321556663569
"Cecil Shorts","WR","TB",2495341,1987-12-22,0,0,0,NA,154,0,0,5,NA,NA,NA
"Cedric Peerman","RB","CIN",79629,1986-10-10,0,0,0,0,109,0,29,7,NA,NA,NA
"Chad Henne","QB","JAC",252,1985-07-02,0.146,0.146,0.146,3.92524938947096e-17,42,0.0950000000000001,26,8,NA,NA,3.79321556663568
"Chandler Catanzaro","K","ARI",2550325,1991-02-26,2.42904564315353,1.8,2.84151873788853,0.60902699874031,22,0.238727524204703,7,2,NA,NA,2.78983352715157
"Charcandrick West","RB","KC",2550268,1991-06-02,4.28307113050884,3.28,4.93475996604639,0.859350787951701,57,0.227054532998463,16,2,69.3,5.6,4.86333253846054
"Charles Clay","TE","BUF",2495139,1989-02-13,8.57440476190476,6.6625,10.5150340809147,2.31674130452507,9,0.322412053793201,4,5,17,2.6,2.9690462441174
"Charles Johnson","WR","MIN",2541147,1989-02-27,5.625,5.625,5.625,0,64,0.0220796075509195,15,3,NA,NA,NA
"Charles Sims","RB","TB",2543770,1990-09-19,6.48391997167139,5.7,7.10492191763911,0.85471979137572,40,0.114378201101983,11,2,56,6.4,5.30709982534161
"Charone Peake","WR","NYJ",2555477,1992-10-16,3.55,3.55,3.55,6.28193035515912e-16,97,0.0375000000000001,24,0,126.7,4.1,3.45972406834917
"Chase Daniel","QB","PHI",81284,1986-10-07,0,0,0,NA,48,0,30,7,NA,NA,NA
"Chester Rogers","WR","IND",2556396,1994-01-12,3.55,3.55,3.55,6.28193035515912e-16,97,0.14751304023845,24,0,NA,NA,NA
"Chiefs","DST","KC",100016,NA,11.2233979135618,6.2,15.7269243836038,5.55221746602973,11,0.19649776453055,8,46,10.3,3.1,5.07201396395977
"Chris Boswell","K","PIT",2550545,1989-12-16,7.70053233281836,2.29485714285714,9.75049461507778,3.52703382813369,3,0.22181025312354,1,2,9.9,2.7,6.14048533241114
"Chris Conley","WR","KC",2552652,1992-10-25,4.41040476190476,3.93,4.90144714147287,0.58129057302601,83,0.0651419679905159,19,1,76.7,5.8,4.49061740843043
"Chris Gragg","TE","BUF",2539202,1990-06-30,0,0,0,0,90,0,0,3,NA,NA,NA
"Chris Harper","WR","SF",2553652,1993-12-07,0,0,0,NA,154,0,39,1,NA,NA,NA
"Chris Hogan","WR","NE",2530515,1988-10-24,5.60083333333333,3.28,7.90997214147287,2.73363857474644,67,0.0393559384009867,15,5,31.7,6,4.61189897785176
"Chris Ivory","RB","JAC",2507999,1988-03-22,2.7275,2.7275,2.7275,0,72,0.0886065006915624,18,6,62.4,5.6,4.86333253846054
"Chris Johnson","RB","ARI",262,1985-09-23,3.70872875354108,2.325,4.80488433024924,1.50870037030131,61,0.326237086874409,17,8,38,3.7,3.80938523211798
"Chris Manhertz","TE","CAR",2552622,1992-04-10,0,0,0,0,90,0,0,0,43.5,8.4,6.13275218434634
"Chris Matthews","WR","BAL",2531049,1989-10-06,0,0,0,0,154,0,39,2,NA,NA,NA
"Chris Moore","WR","BAL",2555209,1993-06-16,0.113133383010432,0.0875,0.130416681107684,0.0250763151822766,149,0.0506333830104322,38,0,133.5,9.5,6.73432644272495
"Chris Owusu","WR","NYJ",2532923,1990-01-06,0.2475,0.2475,0.2475,NA,143,0.0185748882265276,35,4,NA,NA,NA
"Chris Thompson","RB","WAS",2540011,1990-10-20,4.98631398765169,3.745,5.63238136307316,0.889157836865058,50,0.0839883313098611,15,3,32.3,4.1,4.03126887555852
"Christian Hackenberg","QB","NYJ",2555416,1995-02-14,0,0,0,NA,48,0,30,0,NA,NA,NA
"Christine Michael","RB","GB",2539322,1990-11-09,0,0,0,NA,109,0,28,3,NA,NA,NA
"Clay Harbor","TE","DET",497242,1987-07-02,0,0,0,NA,90,0,0,6,NA,NA,NA
"Clive Walford","TE","OAK",2552397,1991-10-21,4.41046428571429,3.125,5.43810175840979,1.27699585274541,25,0.0526401426442415,10,1,58.1,13.9,9.13281816214965
"Cobi Hamilton","WR","PIT",2539203,1990-11-13,0,0,0,NA,154,0,39,3,NA,NA,NA
"Coby Fleener","TE","NO",2532838,1988-09-20,6.57628571428571,5.625,7.19545871559633,0.806851050107647,16,0.364666666666667,7,4,11.7,2.6,2.9690462441174
"Cody Core","WR","CIN",2555331,1994-04-17,0.925,0.925,0.925,1.57048258878978e-16,126,0.0531426974664678,29,0,137,5.7,4.42997662371977
"Cody Kessler","QB","CLE",2555387,1993-05-11,0,0,0,NA,48,0,30,0,NA,NA,NA
"Cody Latimer","WR","DEN",2543590,1992-10-10,1.02617362146051,0.35,1.51996899738853,0.695867746308177,124,0.0874236214605066,29,2,121.7,8,5.82471467206501
"Cody Parkey","K","CLE",2550380,1992-02-19,0,0,0,NA,30,0,10,2,NA,NA,NA
"Cole Beasley","WR","DAL",2535698,1989-04-26,5.88219315520545,4.22880029806259,6.96846293604651,1.44001216934277,61,0.00849717905045733,14,4,61.9,6,4.61189897785176
"Colin Kaepernick","QB","SF",2495186,1987-11-03,0,0,0,NA,48,0,30,5,NA,NA,NA
"Colt McCoy","QB","WAS",497123,1986-09-05,2.89,2.89,2.89,0,34,1.778,19,6,NA,NA,3.79321556663568
"Colts","DST","IND",100014,NA,11.5715350223547,6.7,15.9996398787818,5.39470449058837,8,0.210134128166915,5,46,17.9,4.9,7.79412072148617
"Connor Barth","K","CHI",2507463,1986-04-11,6.64010152284264,2,8.74530343007916,3.12974437179504,11,0.246512320664307,3,8,29.4,2.7,5.79489327832802
"Connor Cook","QB","OAK",2555332,1993-01-29,0,0,0,NA,48,0,30,0,NA,NA,NA
"Connor Shaw","QB","CHI",2550252,1991-09-19,0,0,0,NA,48,0,30,2,NA,NA,NA
"Cooper Helfet","TE","OAK",2536071,1989-06-02,0,0,0,NA,90,0,0,5,NA,NA,NA
"Cordarrelle Patterson","WR","MIN",2540145,1991-03-17,2.17780082987552,1.25,2.8873972305317,0.989668872953004,115,0.0490210679707568,27,3,NA,NA,NA
"Corey Coleman","WR","CLE",2555333,1994-07-06,8.10882142857143,6.7075,9.32246093272171,1.46789585664026,44,0.21770238095238,8,0,NA,NA,NA
"Corey Fuller","WR","NO",2540261,1990-06-23,0,0,0,NA,154,0,39,3,NA,NA,NA
"Corey Grant","RB","JAC",2553650,1991-12-19,0.36408345752608,0.3,0.407291702769209,0.0626907879556916,97,0.106583457526081,22,1,88.5,6.4,5.30709982534161
"Cory Harkey","TE","LAR",2533353,1990-06-17,0,0,0,NA,90,0,0,4,NA,NA,NA
"Cowboys","DST","DAL",100008,NA,9.1177347242921,4.4,13.5014019813462,5.31650695401194,26,0.107600596125188,18,46,19.1,4.7,7.34307004400278
"Crockett Gillmore","TE","BAL",2543794,1991-11-16,2.5,2.5,2.5,0,48,0.164380952380952,16,2,NA,NA,NA
"Dak Prescott","QB","DAL",2555260,1993-07-29,15.0494532577904,11.282,17.4123177102409,3.54412023389944,19,0.199216713881023,11,0,13.5,3.1,9.6815625387422
"Damien Williams","RB","MIA",2550512,1992-04-03,1.54,1.54,1.54,0,87,0.063591654247392,20,2,70.3,7.2,5.75086711222269
"Damiere Byrd","WR","CAR",2553499,1993-01-27,0,0,0,NA,154,0,39,1,131.8,3.5,3.09587936008519
"Dan Bailey","K","DAL",2495259,1988-01-26,7.82356828619773,2.49361904761905,9.81807387862797,3.476851161857,2,0.190854279738821,1,5,7.1,3.3,7.13260555727453
"Dan Carpenter","K","BUF",2507401,1985-11-25,3,3,3,6.29608999391856e-16,20,0.385477178423237,6,8,NA,NA,1.73027914870698
"Daniel Fells","TE","NYG",2506619,1983-09-23,0.775,0.775,0.775,NA,62,0.2125,20,10,NA,NA,NA
"Daniel Lasco","RB","NO",2555219,1992-10-09,0.235,0.235,0.235,0,99,0.05625,24,0,NA,NA,NA
"Danny Amendola","WR","NE",2649,1985-11-02,4.54899031296572,3.885,5.03388847491307,0.683329588717039,80,0.13145054809712,18,8,53.7,11.4,7.88650135222754
"Danny Woodhead","RB","SD",4327,1985-01-25,6.90406639004149,6.2475,7.33458518267115,0.635671929935199,32,0.0461070152632654,10,8,NA,NA,NA
"Darius Jackson","RB","CLE",2556273,1993-12-01,0,0,0,NA,109,0,28,0,NA,NA,NA
"Darius Jennings","WR","NYJ",2553896,1992-06-28,0,0,0,NA,154,0,39,1,NA,NA,NA
"Darren Fells","TE","ARI",2540928,1986-04-22,0.5375,0.5375,0.5375,0,64,0.00292473919523106,20,4,NA,NA,NA
"Darren McFadden","RB","DAL",284,1987-08-27,3.54,3.54,3.54,6.28193035515912e-16,62,0.351258333333333,18,8,87.7,10.8,7.74781990318753
"Darren Sproles","RB","PHI",2506467,1983-06-20,6.29461160669931,5.59619970193741,6.91344386791813,0.747362891704671,43,0.353743898587751,12,11,35.3,3.7,3.80938523211798
"Darrin Reaves","RB","KC",2550596,1993-04-17,0,0,0,NA,109,0,28,2,NA,NA,NA
"Darrius Heyward-Bey","WR","PIT",80427,1987-02-26,2.2707619047619,1.325,2.78914373088685,0.696771678376427,112,0.0132823965651836,27,7,123,19,12.4952009902379
"Daryl Richardson","RB","FA",2534789,1990-04-12,0,0,0,NA,109,0,28,4,NA,NA,NA
"Davante Adams","WR","GB",2543495,1992-12-24,6.63937827336598,3.60619970193741,8.9359084706313,2.89015372940238,54,0.137896649181034,11,2,15.6,5.2,4.12677270016646
"David Ausberry","TE","FA",2499277,1987-09-25,0,0,0,NA,90,0,0,5,NA,NA,NA
"David Cobb","RB","CHI",2552376,1993-06-03,0,0,0,NA,109,0,28,1,NA,NA,NA
"David Johnson","RB","ARI",2553435,1991-12-16,16.5955401781279,13.3975,18.0732585433057,2.17096993628214,2,0.634823213398626,2,1,NA,NA,NA
"David Johnson","TE","PIT",79589,1987-08-26,0,0,0,NA,90,0,0,7,NA,NA,NA
"David Morgan","TE","MIN",2555306,1993-05-19,0.3,0.3,0.3,7.85241294394891e-17,75,0.0125,24,0,66.2,4.5,4.00543267281308
"DeAndre Hopkins","WR","HOU",2540165,1992-06-06,16.3304047619048,13.6125,17.8359696569921,2.05538211123519,5,1.11108023067584,2,3,15.8,5.2,4.12677270016646
"DeAndre Smelter","WR","SF",2552627,1991-12-03,0,0,0,NA,154,0,39,1,NA,NA,NA
"DeAndre Washington","RB","OAK",2555464,1993-02-22,4.47882113050884,3.22119970193741,5.37729414035831,1.16069191858916,54,0.152667113760557,16,0,58,5,4.53050707329973
"DeAngelo Williams","RB","PIT",2495979,1983-04-25,15.5,15.5,15.5,2.51843599756742e-15,5,0.436900000000001,3,10,NA,NA,NA
"DeAnthony Thomas","WR","KC",2543638,1993-01-05,0.1625,0.1625,0.1625,0,147,0.0446665424739195,37,2,126,4.1,3.45972406834917
"DeMarco Murray","RB","TEN",2495207,1988-02-12,12.716630952381,9.3175,14.9325683597186,2.8691352032165,13,0.808561945119026,5,5,31.2,5.9,5.02974527104094
"DeSean Jackson","WR","WAS",1581,1986-12-01,16.625,16.625,16.625,5.03687199513485e-15,4,0.555645706866319,2,8,NA,NA,NA
"DeVante Parker","WR","MIA",2552409,1993-01-20,0,0,0,NA,154,0,39,1,21.8,6.1,4.67253976256242
"Delanie Walker","TE","TEN",2495966,1984-08-12,7.62842857142857,7.1175,8.0391743119266,0.576620547137406,13,0.625817471004269,5,10,5.9,1.7,2.47812635684049
"Demarcus Ayers","WR","PIT",2555465,1994-07-07,0,0,0,NA,154,0,39,0,NA,NA,NA
"Demarcus Robinson","WR","KC",2555478,1994-09-21,0.122533532041729,0.02,0.191666724430735,0.100305260729107,148,0.0284668405365127,38,0,129.3,10.1,7.09817115098893
"Demaryius Thomas","WR","DEN",497328,1987-12-25,12.544628273366,10.0875,14.0564788576102,2.0228528023045,21,0.218144204012097,4,6,16.1,3.9,3.33844249892784
"Demetrius Harris","TE","KC",2541187,1991-07-29,2.50482142857143,1.2125,3.0977110817942,0.876797452710537,47,0.0691904761904758,16,3,46.6,2.2,2.75085962754988
"Denard Robinson","RB","JAC",2539260,1990-09-22,0,0,0,NA,109,0,28,3,NA,NA,NA
"Dennis Pitta","TE","BAL",497254,1985-06-29,0,0,0,NA,90,0,0,6,NA,NA,NA
"Deonte Thompson","WR","CHI",2534436,1989-02-14,4.4125,4.4125,4.4125,0,82,0.019797619047619,19,4,84.4,7.1,5.27894760966905
"Derek Anderson","QB","CAR",2506546,1983-06-15,0.034,0.034,0.034,0,44,0.019,28,11,NA,NA,3.79321556663568
"Derek Carr","QB","OAK",2543499,1991-03-28,16.8639178470255,16.8,16.9145519791044,0.0696905945109884,14,0.0574008498583574,7,2,4.2,1.3,2.94351734026419
"Derek Carrier","TE","WAS",2534241,1990-07-25,0.1875,0.1875,0.1875,2.74513401690536e-17,86,0.025,25,4,NA,NA,NA
"Derrick Coleman","RB","FA",2534871,1990-10-18,0,0,0,NA,109,0,28,4,NA,NA,NA
"Derrick Henry","RB","TEN",2556075,1994-07-17,8.70268065431836,5.805,11.1795340642945,3.00079642565366,22,0.164209672840821,7,0,24.2,5.3,4.69691980588014
"Devin Fuller","WR","ATL",2556212,1994-01-29,0,0,0,NA,154,0,39,0,NA,NA,NA
"Devin Funchess","WR","CAR",2552458,1994-05-21,5.34402380952381,4.395,6.04109486434108,0.886625936855087,71,0.219232142857143,16,1,47.2,8.3,6.006637026197
"Devin Smith","WR","NYJ",2553434,1992-03-03,0,0,0,NA,154,0,39,1,NA,NA,NA
"Devin Street","WR","IND",2543641,1991-03-30,0,0,0,NA,154,0,39,2,NA,NA,NA
"Devon Johnson","RB","FA",2556854,1993-07-28,0,0,0,NA,109,NA,28,0,NA,NA,NA
"Devonta Freeman","RB","ATL",2543583,1992-03-15,14.9771547619048,13.1125,16.6297681838171,1.99302721209755,7,0.771487743216241,3,2,6.5,2.6,3.1992052126565
"Devontae Booker","RB","DEN",2555223,1992-05-27,4.8890828611898,3.95,5.63300099734907,1.02389623457269,52,0.259672295935384,15,0,93,18,11.7417254851172
"Dexter McCluster","WR","SD",497190,1988-08-25,0,0,0,NA,154,0,0,6,NA,NA,NA
"Dez Bryant","WR","DAL",497278,1988-11-04,13.7615330352707,10.2875,15.5383080425781,2.46963852970064,15,0.109706993825847,3,6,13.6,4.2,3.52036485305983
"Dezmin Lewis","WR","BUF",2552411,1992-12-05,0,0,0,NA,154,0,39,1,NA,NA,NA
"Dion Lewis","RB","NE",2495469,1990-09-27,5.7825,5.7825,5.7825,0,45,0.507074688796681,13,5,66.6,7.8,6.0836925773835
"Dion Sims","TE","MIA",2540200,1991-02-18,4.3125,4.3125,4.3125,1.25638607103182e-15,27,0.060496138540401,11,3,NA,NA,NA
"Dolphins","DST","MIA",100019,NA,7.8,3.8,11.8060790273556,7.07106781186547,31,NA,19,46,6.6,3.1,7.43037364500792
"Dom Williams","WR","SD",2556827,1990-09-02,0,0,0,NA,154,0,39,0,NA,NA,NA
"Dominique Jones","TE","MIA",2535724,1987-08-15,0,0,0,NA,90,0,0,4,NA,NA,NA
"Donte Moncrief","WR","IND",2543614,1993-08-06,11.4239523809524,8.0475,13.9437639401935,3.14559325072757,27,0.341263253743422,5,2,61.3,5.8,4.49061740843043
"Dontrelle Inman","WR","SD",2530700,1989-01-31,3.175,3.175,3.175,6.28193035515912e-16,101,0.0500000000000003,25,3,NA,NA,NA
"Dorial Green-Beckham","WR","PHI",2552491,1993-04-12,3.125,3.125,3.125,0,102,0.0529173408558656,25,1,NA,NA,NA
"Doug Baldwin","WR","SEA",2530747,1988-09-21,13.6603214285714,11.78,15.5653794854881,2.27447059440378,16,0.0865814126155691,3,5,15.3,4.4,3.64164642248116
"Doug Martin","RB","TB",2532899,1989-01-13,13.1836791784703,11.1075,14.485813443197,1.95310416138588,12,0.698197184644407,4,4,NA,NA,NA
"Drew Brees","QB","NO",2504775,1979-01-15,18.5480538243626,15.938,20.1850226143048,2.45533094574225,6,0.354417847025498,4,15,7.1,2.5,7.50875768712556
"Drew Stanton","QB","ARI",2495748,1984-05-07,-0.0239999999999999,-0.0240000000000002,-0.0240000000000001,8.84692343792712e-17,85,0.624,30,9,NA,NA,3.79321556663569
"Dri Archer","RB","BUF",2543596,1991-08-09,0,0,0,NA,109,0,28,2,NA,NA,NA
"DuJuan Harris","RB","SF",2530690,1988-09-03,0,0,0,NA,109,0,28,5,NA,NA,NA
"Duke Johnson","RB","CLE",2552461,1993-09-23,7.25065446384217,5.47119970193741,8.89694954300867,1.97799371470569,31,0.361121268821423,9,1,39,4.4,4.19768160813893
"Dustin Hopkins","K","WAS",2539227,1990-10-01,7.56489568009945,2.746,9.88281976744186,3.34093068161467,4,0.209448339741988,1,3,10.6,3.1,6.66911414856359
"Dwayne Allen","TE","IND",2533046,1990-02-24,6.83136237897649,1.55,10.2944177368557,5.11328917692386,15,0.262850474214581,6,4,NA,NA,NA
"Dwayne Harris","WR","NYG",2495159,1987-09-16,2.13255952380952,0.4425,3.00942941952507,1.20985581893165,116,0.166870254062877,27,5,NA,NA,NA
"Dwayne Washington","RB","DET",2556118,1994-04-24,1.57790611028316,0.4875,2.37420676155448,1.12216510440688,85,0.0250195035838479,20,0,75.5,6.1,5.14068709276121
"E.J. Bibbs","TE","FA",2553791,1991-08-28,0,0,0,NA,90,0,0,1,NA,NA,NA
"E.J. Manuel","QB","BUF",2539228,1990-03-19,0,0,0,NA,48,0,30,3,NA,NA,NA
"Eagles","DST","PHI",100025,NA,11.4538002980626,7.3,14.4587242196241,5.75717520021998,9,0.207600596125186,6,46,6.4,3.5,6.04951986560161
"Ed Dickson","TE","CAR",497224,1987-07-25,2.57129284649776,1.9625,2.98177117630749,0.59556248557907,46,0.0688821322120501,15,6,24.2,3.7,3.56905943967806
"Eddie Lacy","RB","GB",2540168,1990-06-02,10.9038796680498,5.7575,14.2784251743505,4.98260213344416,16,0.509987329579136,6,3,NA,NA,NA
"Eddie Royal","WR","CHI",1990,1986-05-21,5,5,5,0,73,0.0621309523809526,17,8,NA,NA,NA
"Eli Manning","QB","NYG",2505996,1981-01-03,16.8130339943343,14.626,18.1846939799831,2.05738755099834,15,0.100483002832856,7,12,23.4,2.3,6.74752890659102
"Eli Rogers","WR","PIT",2553737,1992-12-23,7.95795238095238,2.385,10.9117546174142,4.04487247086969,45,0.168198873740369,8,1,82.8,6.5,4.91510290140507
"Emmanuel Sanders","WR","DEN",497322,1987-03-17,8.59291934568164,6.23380029806259,9.97945494186046,1.80518060082698,41,0.414410429459551,8,6,23.6,3.7,3.21716092950652
"Eric Decker","WR","NYJ",497284,1987-03-15,11.4346473029046,8.1125,13.6130208344738,3.21642383709726,26,0.0390415090289391,5,6,NA,NA,NA
"Eric Ebron","TE","DET",2543466,1993-04-10,3.96794047619048,1.25,5.73763444767442,2.33136638989279,31,0.077643035812565,11,2,10.1,2.7,3.02359289825927
"Eric Weems","WR","ATL",2507029,1985-07-04,0.0125,0.0125,0.0125,NA,153,0.0125,39,9,NA,NA,NA
"Erik Swoope","TE","IND",2550405,1992-05-08,0.2,0.2,0.2,6.20068507644819e-17,85,0.01875,25,2,NA,NA,NA
"Ezekiel Elliott","RB","DAL",2555224,1995-07-22,15.9124053580299,11.25,18.5334583182008,3.62126839266848,4,0.58788273898233,2,0,4.5,1.8,2.75543792577543
"Falcons","DST","ATL",100001,NA,10.0658718330849,3.4,15.0124153488646,6.49769611205971,18,0.108271236959762,13,46,22.9,3.9,7.85860908174542
"Fitzgerald Toussaint","RB","PIT",2550738,1990-05-04,2.125,2.125,2.125,0,81,0.283683477042084,19,2,NA,NA,NA
"Fozzy Whittaker","RB","CAR",2540037,1989-02-22,0.925197466467958,0.5,1.23571023439387,0.437581699930727,94,0.506447466467958,21,4,81.6,13.6,9.30100540727129
"Frank Gore","RB","IND",2506404,1983-05-14,8.16976934568164,7.7625,8.57904110938684,0.484869419307716,26,0.0914491075864028,8,11,25.9,3.7,3.80938523211798
"Frankie Hammond","WR","NYJ",2541828,1990-02-17,0,0,0,NA,154,0,39,3,NA,NA,NA
"Freddie Martino","WR","TB",2550223,1991-09-07,0,0,0,NA,154,0,39,2,NA,NA,NA
"Garrett Celek","TE","SF",2534820,1988-05-29,3.5942436661699,2.5625,4.28989641458427,1.00932168608663,36,0.344243666169895,13,4,53.8,7.2,5.4781923346438
"Gary Barnidge","TE","CLE",1060,1985-09-22,12.875,12.875,12.875,2.51843599756742e-15,1,0.268750000000001,1,8,NA,NA,NA
"Gavin Escobar","TE","DAL",2540211,1991-02-03,0,0,0,NA,90,0,0,3,NA,NA,NA
"Geno Smith","QB","NYJ",2539335,1990-10-10,0,0,0,NA,48,0,30,3,NA,NA,NA
"Geoff Swaim","TE","DAL",2553454,1993-09-16,0.4,0.4,0.4,7.85241294394891e-17,70,0.0360376304023844,23,1,55,17,10.8237644405479
"George Atkinson","RB","CLE",2550540,1992-11-29,0,0,0,NA,109,0,28,2,NA,NA,NA
"Gerald Christian","TE","BUF",2552462,1991-08-26,0,0,0,NA,90,0,0,1,NA,NA,NA
"Geremy Davis","WR","SD",2552654,1992-01-10,0,0,0,NA,154,0,39,1,NA,NA,NA
"Geronimo Allison","WR","GB",2556460,1994-01-18,0,0,0,NA,154,0,39,0,67.8,13.8,9.34188018528344
"Giants","DST","NYG",100023,NA,9.44366616989568,5.2,12.4820655103529,5.76066930723746,23,0.0540983606557397,15,46,15.5,3.4,5.89012962706664
"Giovani Bernard","RB","CIN",2540156,1991-11-22,6.6883258924136,4.215,8.09160608225434,1.8796988174307,36,0.0446653271591799,10,3,42.8,3,3.42108885609704
"Glenn Gronkowski","RB","FA",2556544,1993-03-25,0,0,0,NA,109,0,28,0,NA,NA,NA
"Glenn Winston","RB","CLE",2551357,1989-04-29,0,0,0,NA,109,0,28,2,NA,NA,NA
"Golden Tate","WR","DET",497326,1988-08-02,11.5786428571429,8.315,14.3213030343008,3.33778551818398,25,0.149343015214384,5,6,18.4,3.4,3.03523857537453
"Graham Gano","K","CAR",71309,1987-04-09,5.64497854370175,2.65257142857143,8.70838064295486,3.36769707854514,16,0.086258595291441,4,7,7.1,3.2,6.86502637016055
"Greg Olsen","TE","CAR",2495700,1985-03-11,10.9274761904762,9.475,12.1663890941073,1.50142996163905,4,0.279147470016323,2,9,NA,NA,NA
"Greg Scruggs","TE","NE",2535138,1990-08-17,0.5875,0.5875,0.5875,1.57009975578838e-16,63,0.0500000000000002,20,4,NA,NA,NA
"Greg Zuerlein","K","LAR",2534797,1987-12-27,5.5191511500344,2.0327619047619,7.38947450805009,2.49022983118879,18,1.4993824568207,4,4,19.3,4.3,8.00065670073518
"Harry Douglas","WR","TEN",222,1984-09-16,2.5929178470255,1.875,3.16163454791174,0.782756677478503,109,0.270024989882639,26,8,NA,NA,NA
"Ifeanyi Momah","TE","FA",2541096,1989-10-23,0.45,0.45,0.45,0,69,0.0672876304023846,22,3,NA,NA,NA
"Isaiah Burse","WR","SD",2550182,1991-12-08,0,0,0,NA,154,0,39,2,NA,NA,NA
"Isaiah Crowell","RB","CLE",2550189,1993-01-08,7.93991874955645,6.59619970193741,9.29100085919719,1.60193260345807,29,0.441835714285713,9,2,14.9,2.5,3.14373430179637
"J.J. Nelson","WR","ARI",2552656,1992-04-24,4.2107302533532,1.5,6.03843902713756,2.65182033052575,87,0.257084345942246,21,1,29.4,6.3,4.79382133198375
"Jace Amaro","TE","TEN",2543481,1992-06-26,0,0,0,NA,90,0,0,2,NA,NA,NA
"Jack Doyle","TE","IND",2540232,1990-05-05,4.02550298062593,2.4875,5.06250086646103,1.5045789109366,30,0.0919303912167244,11,3,10.1,3.3,3.35087282311054
"Jacob Tamme","TE","ATL",324,1985-03-15,3.125,3.125,3.125,0,39,0.0625000000000004,0,8,NA,NA,NA
"Jacquizz Rodgers","RB","TB",2495471,1990-02-06,0,0,0,NA,109,0,28,5,23.8,3.1,3.47655976695718
"Jaguars","DST","JAC",100015,NA,10.8949329359165,6.7,13.91774967272,5.75870413290658,13,0.104098360655739,9,46,10.3,3.2,5.55744698367158
"Jake Rudock","QB","DET",2556232,1993-01-21,0,0,0,NA,48,0.012,30,0,NA,NA,NA
"Jake Stoneburner","TE","NO",2539283,1989-08-25,0,0,0,NA,90,0,0,3,NA,NA,NA
"Jakeem Grant","WR","MIA",2556190,1992-10-30,0.5725,0.5725,0.5725,0,134,0.0725,32,0,NA,NA,NA
"Jalen Richard","RB","OAK",2556885,1993-10-15,2.2148956780924,1.005,3.03066734828267,1.18360207660346,78,0.022364725711447,19,0,48.3,4.5,4.25315251899906
"Jalin Marshall","WR","NYJ",2556606,1995-07-21,0,0,0,NA,154,0,39,0,NA,NA,NA
"Jalston Fowler","RB","TEN",2552464,1990-07-26,0.1325,0.1325,0.1325,0,103,0.0211792101341282,26,1,NA,NA,NA
"Jamaal Charles","RB","KC",925,1986-12-27,6.6275,6.6275,6.6275,0,38,0.094993585592877,11,8,NA,NA,NA
"Jameis Winston","QB","TB",2552033,1994-01-06,17.0118611898017,16.562,17.2438976253298,0.592555482634328,12,0.0961359773371164,6,1,13.5,2.9,6.22472327262312
"James Develin","RB","NE",2508101,1988-07-23,0.17,0.17,0.17,3.92620647197445e-17,101,0.0324999999999999,25,6,NA,NA,NA
"James Hanna","TE","DAL",2533028,1989-07-14,0,0,0,NA,90,0,0,4,67,9.5,6.732765379907
"James Starks","RB","GB",497206,1986-02-25,5,5,5,0,49,0.0490587804272229,15,6,NA,NA,NA
"James White","RB","NE",2543773,1992-02-03,6.65982113050884,6.22119970193741,6.9421511627907,0.369353674158614,37,0.055524701937407,11,2,31.1,4.9,4.4750361624396
"Jamison Crowder","WR","WAS",2552415,1993-06-17,4.57972619047619,1.575,7.51262134205426,3.48892989234684,79,0.093941269124727,18,1,34,4.9,3.94485034603447
"Jamize Olawale","RB","OAK",2536044,1989-04-17,1.44781669150522,0.6425,2.03592253562851,0.828772216774243,89,0.0659668405365128,20,4,93.7,11.3,8.0251744574882
"Jared Abbrederis","WR","DET",2543774,1990-12-17,0.893289865871833,0.01,1.53833787947151,0.909016425357528,127,0.111827496274218,29,2,NA,NA,NA
"Jared Cook","TE","GB",71265,1987-04-07,5.21096127247579,4.075,6.07976199379202,1.21170996624374,21,0.204377939142462,9,7,NA,NA,NA
"Jared Goff","QB","LAR",2555334,1994-10-14,0,0,0,NA,48,0,30,0,23.5,3,7.74638275268024
"Jarius Wright","WR","MIN",2532978,1989-11-25,1.38136237897649,0.8375,1.67708113456464,0.733623285481043,121,0.162778176293924,28,4,106.3,6.3,4.79382133198375
"Jaron Brown","WR","ARI",2541966,1990-01-08,3.88215350223547,2.075,5.10062601809171,1.7678802203505,89,0.0386549925484356,21,3,57.3,8.4,6.06727781090766
"Jarvis Landry","WR","MIA",2543488,1992-11-28,13.2580488668555,9.3325,15.7200674346162,3.69284400262036,19,0.548234730172535,4,2,25.8,4.4,3.64164642248116
"Jason Witten","TE","DAL",2505629,1982-05-06,8.11648541622312,5.6,9.94685677659855,2.699071490953,11,0.369421891228063,4,13,8.6,2.5,2.91449958997552
"Javontee Herndon","WR","SD",2550459,1991-06-29,0,0,0,NA,154,0,39,2,NA,NA,NA
"Javorius Allen","RB","BAL",2552631,1991-08-27,4.01,4.01,4.01,0,59,0.275047794737069,17,1,18.6,2.7,3.25467612351664
"Jay Ajayi","RB","MIA",2552582,1993-06-15,0,0,0,NA,109,0,28,1,2.7,1.6,2.64449610405516
"Jay Cutler","QB","CHI",2495824,1983-04-29,12.2,12.2,12.2,0,24,0.523181303116152,14,10,NA,NA,3.79321556663568
"Jay Prosch","RB","HOU",2543695,1992-08-21,0.0525,0.0525,0.0525,9.81551617993613e-18,106,0.02375,27,2,NA,NA,NA
"Jeff Cumberland","TE","SD",2507883,1987-05-02,0,0,0,NA,90,0,0,6,NA,NA,NA
"Jeff Driskel","QB","CIN",2555262,1993-04-23,0,0,0,NA,48,0,30,0,NA,NA,NA
"Jeff Heuerman","TE","DEN",2552399,1992-11-24,0.800108047690015,0.66,0.902426008467894,0.144188812298091,60,0.0187835320417287,19,1,48.6,6.6,5.15091240979253
"Jeff Janis","WR","GB",2543750,1991-06-09,0.435599850968703,0.3625,0.488983134852814,0.0752289455468299,139,0.0730998509687034,33,2,145,3,2.79267543653188
"Jerell Adams","TE","NYG",2555311,1992-12-31,0.5375,0.5375,0.5375,0,64,0.034174739195231,20,0,78,13,8.64189827487275
"Jeremy Hill","RB","CIN",2543603,1992-10-20,10.590869047619,6.0675,14.477179001759,4.7050972799851,17,0.533661232957915,6,2,55.7,4.5,4.25315251899906
"Jeremy Kerley","WR","SF",2495189,1988-11-30,3.125,3.125,3.125,0,102,0.0221144347455824,25,5,NA,NA,NA
"Jeremy Langford","RB","CHI",2552379,1991-12-06,8,8,8,0,28,0.157284821872118,9,1,NA,NA,NA
"Jeremy Maclin","WR","KC",80429,1988-05-11,12.526694329184,8.7,15.0359056554885,3.70491424233689,22,0.40648599585062,4,7,NA,NA,NA
"Jeremy Ross","WR","ARI",2530598,1988-03-06,0,0,0,NA,154,0,39,5,NA,NA,NA
"Jerick McKinnon","RB","MIN",2543715,1992-05-03,2.81752113050884,1.08,3.77421617399746,1.2847702163323,70,0.0787711305088363,18,2,63,5.3,4.69691980588014
"Jermaine Gresham","TE","ARI",497238,1988-06-16,3.62550298062593,2.0875,4.66250086646103,1.5045789109366,35,0.197131147540984,12,6,32.2,2.9,3.13268620654303
"Jermaine Kearse","WR","SEA",2532887,1990-02-06,4.42257952973721,4.375,4.45896908874522,0.0507522498950257,81,0.0111271487848246,19,4,NA,NA,NA
"Jerome Cunningham","TE","FA",2551359,1991-05-25,0,0,0,NA,90,0,0,2,NA,NA,NA
"Jerome Felton","RB","BUF",230,1986-07-03,0,0,0,NA,109,0,28,8,NA,NA,NA
"Jesse James","TE","PIT",2552633,1994-06-04,4.91316666666667,4.385,5.48962288481142,0.679287997646629,23,0.323444438823688,9,1,22.9,3.4,3.40541947725242
"Jets","DST","NYJ",100024,NA,9.65380029806259,5.8,13.7833442804144,4.99110862795876,21,0.141132637853948,13,46,27.6,2.3,2.8822401592074
"Jhurell Pressley","RB","FA",2556656,1992-05-20,0,0,0,NA,109,0,28,0,NA,NA,NA
"Jim Dray","TE","SF",497226,1986-12-31,0,0,0,NA,90,0,0,6,NA,NA,NA
"Jimmy Garoppolo","QB","NE",2543801,1991-11-02,12.8116147308782,11.7,13.6922083322504,1.21201033932155,22,0.523012747875351,12,2,NA,NA,6.35201918172044
"Jimmy Graham","TE","SEA",497236,1986-11-24,5.34722351146122,2.97119970193741,7.05640151811192,2.19107988751308,20,0.191742875223319,8,6,12.8,4.9,4.2236192893806
"Joe Banyard","RB","JAC",2535696,1988-11-22,0,0,0,0,109,0,28,4,NA,NA,NA
"Joe Flacco","QB","BAL",382,1985-01-16,11.5765042492918,10.3,12.5877192348676,1.39179187298758,26,0.47650424929178,15,8,25.7,2.2,5.87434482041993
"Joe Kerridge","RB","GB",2556415,1992-09-17,0,0,0,NA,109,0,28,0,NA,NA,NA
"Joe Webb","QB","CAR",1037347,1986-11-14,0,0,0,NA,48,0,30,6,NA,NA,NA
"John Brown","WR","ARI",2543847,1990-04-03,7.82428571428571,5.725,9.29933180428134,1.91849797352431,46,0.178550064216558,9,2,66.2,10,7.03753036627826
"John Kuhn","RB","NO",2506147,1982-09-09,0,0,0,NA,109,0,28,10,92.8,3.6,3.75391432125785
"John Phillips","TE","NO",71435,1987-06-11,0.2375,0.2375,0.2375,0,81,0.025,25,7,NA,NA,NA
"Johnny Holton","WR","OAK",2556805,1991-08-22,0.0448584202682563,0,0.0751041919384466,0.0438835515689841,152,0.0386084202682563,39,0,135,2,2.18626758942525
"Jonathan Krause","WR","FA",2550216,1992-01-18,0,0,0,NA,154,0,39,2,NA,NA,NA
"Jonathan Stewart","RB","CAR",949,1987-03-21,9.30645714285714,7.19,11.6242887598945,2.76118348964941,20,0.557271034231851,7,8,20.8,3,3.42108885609704
"Jordan Cameron","TE","MIA",2495267,1988-08-07,3.75,3.75,3.75,Inf,34,0.140126676602087,12,5,NA,NA,NA
"Jordan Gay","K","BUF",2542060,1990-03-29,0,0,0,NA,30,0,10,2016,NA,NA,NA
"Jordan Howard","RB","CHI",2555418,1994-11-02,6.09923541622312,1.34619970193741,10.9376513485383,5.72983614043808,44,0.528241294508045,12,0,29.8,4.4,4.19768160813893
"Jordan Matthews","WR","PHI",2543500,1992-07-16,7.75522130013831,6.875,8.42842814178649,0.938916623057979,47,0.326941538233551,9,2,NA,NA,NA
"Jordan Norwood","WR","DEN",71417,1986-09-28,0,0,0,NA,154,0,0,7,NA,NA,NA
"Jordan Reed","TE","WAS",2540160,1990-07-03,10.4955330352707,8.375,12.5157262630632,2.41991050127963,6,0.767784072615141,2,3,5,3.3,3.35087282311054
"Jordan Taylor","WR","DEN",2553606,1992-02-18,1.80637853949329,-0.02,3.03781352892247,1.78668745673721,118,0.296769828445135,28,1,124.8,1.6,1.9437044505826
"Jordan Todman","RB","IND",2495472,1990-02-24,0,0,0,NA,109,0,28,5,NA,NA,NA
"Jordy Nelson","WR","GB",1032,1985-05-31,13.6433306543184,11.7425,15.127380066933,1.82607682563562,17,0.262231532093915,3,8,13.7,7.4,5.46086996380104
"Josh Bellamy","WR","CHI",2535964,1989-05-18,0.850424739195231,0.7225,0.943845485992425,0.131650654706952,128,0.14717958271237,30,4,85.4,10.5,7.34073428983158
"Josh Boyce","WR","FA",2540181,1991-05-06,0,0,0,NA,154,0,39,3,NA,NA,NA
"Josh Doctson","WR","WAS",2555343,1992-12-03,3.58897168405365,1,5.33458479187606,2.53270783340994,96,0.0389716840536511,24,0,90.5,10.5,7.34073428983158
"Josh Gordon","WR","CLE",2537931,1991-04-13,0,0,0,NA,154,0,39,4,NA,NA,NA
"Josh Hill","TE","NO",2541834,1990-05-21,1.99517857142857,1.25,2.76195530523256,0.907161697732294,52,0.0609497104770385,17,3,51.3,8.3,6.07820553020446
"Josh Huff","WR","TB",2543746,1991-10-14,0,0,0,NA,154,0,39,2,NA,NA,NA
"Josh Lambo","K","SD",2553833,1990-11-19,1.57261410788382,0,2.60379684472131,1.52256749685078,28,1.57261410788382,10,1,NA,NA,4.37916509481846
"Josh McCown","QB","CLE",2505076,1979-07-04,0,0,0,NA,48,0,30,14,NA,NA,NA
"Joshua Perkins","TE","ATL",2556444,1993-08-05,0,0,0,NA,90,0,26,0,NA,NA,NA
"Julian Edelman","WR","NE",238498,1986-05-22,9.72027620396601,9.315,10.0413259544663,0.441878769544316,36,0.412384686330636,6,7,NA,NA,NA
"Julio Jones","WR","ATL",2495454,1989-02-03,16.824002679015,14.3375,18.5923646999975,2.22598082980078,3,0.346300298062594,2,5,2.2,0.8,1.4585781728973
"Julius Thomas","TE","JAC",2495353,1988-06-27,12.875,12.875,12.875,2.51843599756742e-15,1,1.2425119047619,2,5,NA,NA,NA
"Justin Blackmon","WR","JAC",2533038,1990-01-09,0,0,0,NA,154,0,39,4,NA,NA,NA
"Justin Forsett","RB","DEN",927,1985-10-14,0,0,0,NA,109,0,28,8,NA,NA,NA
"Justin Hardy","WR","ATL",2552418,1991-12-18,2.34578571428571,1.15,3.03491590214067,0.923903433512496,110,0.0604047619047621,27,1,107.1,10.9,7.58329742867423
"Justin Hunter","WR","BUF",2540151,1991-05-20,4.975,4.975,4.975,1.25638607103182e-15,74,0.143772159534454,17,3,NA,NA,NA
"Justin Perillo","TE","FA",2550243,1991-01-05,0,0,0,NA,90,0,0,2,NA,NA,NA
"Justin Tucker","K","BAL",2536340,1989-11-21,6.19489655611109,1.96561904761905,8.67348623853211,3.12707776731909,14,0.492547234583118,3,4,3.6,2.4,5.27468723772183
"Juwan Thompson","RB","DEN",2550263,1992-05-13,0,0,0,NA,109,0,28,2,NA,NA,NA
"KaDeem Carey","RB","CHI",2543551,1992-10-30,2.75,2.75,2.75,6.29608999391856e-16,71,0.0362499999999999,18,2,NA,NA,NA
"Kai Forbath","K","MIN",2495150,1987-09-02,2.8,2.8,2.8,0,21,0.395159059474412,7,5,19.7,3.9,5.14395348839728
"Kalif Raymond","WR","DEN",2556661,1994-08-08,0,0,0,0,154,0,39,0,NA,NA,NA
"Kapri Bibbs","RB","DEN",2550542,1993-01-10,0,0,0,NA,109,0,28,2,NA,NA,NA
"Karlos Williams","RB","PIT",2552380,1993-05-04,0,0,0,NA,109,0,28,1,NA,NA,NA
"Kasen Williams","WR","SEA",2554138,1992-05-20,0,0,0,NA,154,0,39,1,NA,NA,NA
"Keenan Allen","WR","SD",2540154,1992-04-27,14.177939142462,8.7,17.7698923424459,5.3036101140302,9,0.119260027662518,3,3,NA,NA,NA
"Keenan Reynolds","WR","FA",2555356,1993-12-13,0,0,0,NA,154,0,39,0,NA,NA,NA
"Keith Marshall","RB","WAS",2555459,1994-02-16,0,0,0,0,109,0,28,0,NA,NA,NA
"Keith Smith","RB","DAL",2550400,1992-04-08,0.1175,0.1175,0.1175,Inf,104,0.0386792101341282,26,2,NA,NA,NA
"Kellen Clemens","QB","SD",2506895,1983-06-06,0,0,0,NA,48,0,30,10,NA,NA,NA
"Kellen Davis","TE","FA",2507486,1985-10-11,0,0,0,NA,90,0,0,8,NA,NA,NA
"Kellen Moore","QB","DAL",2532917,1989-07-12,0,0,0,NA,48,0,30,4,NA,NA,NA
"Kelvin Benjamin","WR","CAR",2543471,1991-02-05,9.06578303527074,6.80119970193741,10.4464752906977,1.77999654843386,38,0.350845004109265,7,2,12.8,4.5,3.70228720719182
"Kendall Wright","WR","TEN",2532977,1989-11-12,8.625,8.625,8.625,NA,40,0.223129612873466,8,4,NA,NA,NA
"Kenjon Barner","RB","PHI",2539289,1989-04-28,1,1,1,0,92,0.0374012667660208,21,3,NA,NA,NA
"Kenneth Dixon","RB","BAL",2555229,1994-01-21,0,0,0,NA,109,0,28,0,NA,NA,NA
"Kenny Bell","WR","FA",2552421,1992-02-25,0,0,0,NA,154,0,39,1,NA,NA,NA
"Kenny Britt","WR","LAR",71217,1988-09-19,6.02085062240664,5.325,6.55304792289878,0.742251654714753,60,0.142254044803915,14,7,NA,NA,NA
"Kenny Stills","WR","MIA",2540202,1992-04-22,6.34947592067989,6.28,6.40451302076565,0.0757506462075973,57,0.187401064771448,13,3,53.2,4.6,3.76292799190248
"Kenyan Drake","RB","MIA",2555230,1994-01-26,0.02,0.02,0.02,3.47474786711817e-18,108,0.02,28,0,78.4,7.1,5.69539620136255
"Kerwynn Williams","RB","ARI",2539980,1991-06-09,4.78,4.78,4.78,0,53,0.370690030870769,16,3,48.7,5.4,4.75239071674027
"Kevin Hogan","QB","CLE",2555263,1992-10-20,0,0,0,NA,48,0,30,0,33.6,1.4,2.28784642641678
"Kevin Norwood","WR","NYG",2543689,1989-09-23,0,0,0,NA,154,0,39,2,NA,NA,NA
"Kevin White","WR","CHI",2553432,1992-06-25,4.9007380952381,2.915,6.17110465116279,1.85099244105767,75,0.147422308565751,17,1,NA,NA,NA
"Keyarris Garrett","WR","CAR",2556851,1992-09-26,0,0,0,NA,154,NA,39,0,NA,NA,NA
"Khari Lee","TE","DET",2553552,1992-01-16,0.2125,0.2125,0.2125,Inf,82,2.77555756156289e-17,25,1,NA,NA,NA
"Khiry Robinson","RB","NYJ",2542022,1989-12-28,0,0,0,NA,109,0,28,3,NA,NA,NA
"Kirk Cousins","QB","WAS",2532820,1988-08-19,16.1683229461756,15.668,16.4821145776496,0.470664015103204,18,1.16323087818697,10,4,8.2,2.8,5.92547500786212
"Knile Davis","RB","KC",2540178,1991-10-05,0,0,0,NA,109,0,28,3,NA,NA,NA
"Kyle Juszczyk","RB","BAL",2540230,1991-04-23,3.015,3.015,3.015,6.28193035515912e-16,65,0.0392404761904763,18,3,NA,NA,NA
"Kyle Rudolph","TE","MIN",2495438,1989-11-09,6.5607380952381,4.375,8.92085983527132,2.78240196286486,17,0.839845238095238,7,5,7.3,2.4,2.85995293583364
"Ladarius Green","TE","PIT",2532853,1990-05-29,0,0,0,NA,90,0,0,4,NA,NA,NA
"Lamar Miller","RB","HOU",2533034,1991-04-25,15.1490452380952,11.0725,17.8055694942832,3.46821890288123,6,0.410905654318359,3,4,20.9,3.6,3.75391432125785
"Lance Dunbar","RB","DAL",2535708,1990-01-25,2.25,2.25,2.25,0,76,0.0328725480803351,19,4,NA,NA,NA
"Lance Kendricks","TE","LAR",2495187,1988-01-30,1.91663208852006,1.875,1.94847295265206,0.0444082186581477,54,0.024114231377198,17,5,NA,NA,NA
"Landry Jones","QB","PIT",2539287,1989-04-04,0.454000000000001,0.454,0.454,2.48481527459643e-16,39,0.155000000000001,23,3,NA,NA,3.79321556663569
"Laquon Treadwell","WR","MIN",2555214,1995-06-14,3.80555684479455,1.07619970193741,5.42174781976744,2.09705503544134,92,0.140069018653079,22,0,95.3,6.9,5.15766604024772
"Larry Donnell","TE","NYG",2537933,1988-11-01,1.875,1.875,1.875,2.30326499642866e-16,56,0.728958643815201,17,4,NA,NA,NA
"Larry Fitzgerald","WR","ARI",2506106,1983-08-31,10.7911904761905,8.335,12.7275030782762,2.37792604037628,30,0.154089285714285,5,12,22.8,4.9,3.94485034603447
"Latavius Murray","RB","OAK",2541161,1990-01-18,10.1969156293223,6.3925,12.6915185335216,3.6833445361315,18,0.584937057893697,6,3,NA,NA,NA
"LeGarrette Blount","RB","NE",497149,1986-12-05,5.19136237897649,4.825,5.47156198333816,0.390792324191699,47,0.178826968211615,14,6,NA,NA,NA
"LeSean McCoy","RB","BUF",79607,1988-07-12,14.499124405649,8.955,17.0833252077197,3.76998499277405,8,0.605519589784972,3,7,10.4,2.8,3.31014703437677
"LeVeon Bell","RB","PIT",2540175,1992-02-18,18.8025,18.8025,18.8025,0,1,2.50021562522177,1,3,1.4,0.8,2.20072881717409
"Lee Smith","TE","OAK",2495347,1987-11-21,1.18202309985097,0.25,1.86265996937338,0.959169055722081,57,0.145743293591654,18,5,60.7,11.4,7.76915180860269
"Leonte Carroo","WR","MIA",2555215,1994-01-24,2.96131019830028,2.76,3.08756756074955,0.189376615518993,106,0.142942918090526,26,0,128.2,8.9,6.37048173446098
"Levine Toilolo","TE","ATL",2540203,1991-07-30,1.11005961251863,0.45,1.55510453852286,0.645715115943623,58,0.228755588673621,18,3,47.2,9.1,6.51457876333949
"Lions","DST","DET",100010,NA,10.8228017883756,7.7,14.718606715921,4.7628916565293,14,0.102533532041729,10,46,28.9,2.4,2.69269717710487
"Logan Paulsen","TE","CHI",2507828,1987-02-26,0.2125,0.2125,0.2125,2.74513401690536e-17,83,0.00625000000000001,25,6,NA,NA,NA
"Logan Thomas","TE","BUF",2543767,1991-07-01,0.25,0.25,0.25,NA,79,0.00996646795827125,25,2,NA,NA,NA
"Lorenzo Taliaferro","RB","BAL",2543704,1991-12-23,0,0,0,NA,109,0,28,2,NA,NA,NA
"Luke McCown","QB","NO",2506053,1981-07-12,0,0,0,NA,48,0,30,12,NA,NA,NA
"Luke Stocker","TE","TB",2495234,1988-07-17,0.2875,0.2875,0.2875,0,76,0.0125,24,5,NA,NA,NA
"Luke Willson","TE","SEA",2541199,1990-01-15,2.61486904761905,1.9125,3.02457124010554,0.627906119939736,45,0.0768119100844511,15,3,40.7,6.3,4.98727244736689
"Mack Brown","RB","WAS",2553867,1991-09-24,0.4,0.4,0.4,7.85241294394891e-17,96,0.0779582712369598,22,0,103.5,15.5,10.3549527136138
"Malcolm Brown","RB","LAR",2552382,1993-05-15,1.36369970193741,0.6575,1.83985456451669,0.690852483271721,91,0.363699701937407,20,1,77.8,5.3,4.69691980588014
"Malcolm Mitchell","WR","NE",2555216,1993-07-20,1.49421742209632,1.28,1.66391514736076,0.233564492473424,120,0.178536232608074,28,0,NA,NA,NA
"MarQueis Gray","TE","MIA",2540259,1990-11-07,0,0,0,NA,90,0,0,3,76,6,4.82363248494126
"Marc Mariani","WR","TEN",1037885,1987-05-02,0,0,0,NA,154,0,0,6,NA,NA,NA
"Marcedes Lewis","TE","JAC",2495888,1984-05-19,1.91003571428571,1.25,2.45821635174419,0.671546663605532,55,0.38152416436023,17,10,40.8,8,5.91456556777883
"Marcel Reece","RB","SEA",4433,1985-06-23,0,0,0,NA,109,0,28,8,NA,NA,NA
"Marcus Easley","WR","BUF",497286,1987-11-02,0,0,0,NA,154,0,0,6,NA,NA,NA
"Marcus Mariota","QB","TEN",2552466,1993-10-30,14.7397422096317,14.554,14.8562356693849,0.174731490585524,21,2.1453328611898,11,1,15.5,2.2,4.58961217201279
"Mario Alford","WR","CLE",2552650,1992-02-25,0,0,0,NA,154,0,39,1,NA,NA,NA
"Mark Ingram","RB","NO",2495466,1989-12-21,12.2543330352707,9.63,14.5074835717703,2.73280813657659,14,1.02149071161929,5,5,28.8,2.7,3.25467612351664
"Mark Sanchez","QB","DAL",79858,1986-11-11,0,0,0,NA,48,0,30,7,NA,NA,NA
"Marlon Brown","WR","DEN",2540005,1991-04-22,0,0,0,NA,154,0,39,3,NA,NA,NA
"Marqise Lee","WR","JAC",2543475,1991-11-25,4.74491398765169,3.18119970193741,6.12445752586386,1.66748261213105,77,0.130686457668015,18,2,42.5,5.9,4.5512581931411
"Marquez North","WR","FA",2556636,1995-04-21,0,0,0,NA,154,0,39,0,NA,NA,NA
"Marquise Goodwin","WR","BUF",2539964,1990-11-19,6.7625,6.7625,6.7625,0,52,0.0642930061741538,11,3,NA,NA,NA
"Marshawn Lynch","RB","FA",2495663,1986-04-22,9.9175,9.9175,9.9175,2.51277214206365e-15,19,0.866425647105315,6,9,NA,NA,NA
"Martavis Bryant","WR","PIT",2543572,1991-12-20,9.55,9.55,9.55,0,37,0.614670451203159,7,2,24.4,7.1,5.27894760966905
"Martellus Bennett","TE","NE",1062,1987-03-10,10.1862378976487,7.9125,11.6771562713262,2.20137883919675,7,1.26440550286505,3,8,NA,NA,NA
"Marvin Jones","WR","DET",2532884,1990-03-12,10.3369642857143,6.6875,13.2397292216359,3.5692560616395,35,0.701826183731283,5,4,42.1,5.2,4.12677270016646
"Mason Crosby","K","GB",2507232,1984-09-03,7.82876867295141,2.83942857142857,9.67253298153034,3.25982027151434,1,0.0667183634433695,1,9,5.4,2.4,5.3901565862209
"Matt Asiata","RB","MIN",2495258,1987-07-24,0,0,0,NA,109,0,28,5,NA,NA,NA
"Matt Barkley","QB","CHI",2539308,1990-09-08,0,0,0,NA,48,0,30,3,NA,NA,NA
"Matt Bryant","K","ATL",2504797,1975-05-29,7.31834620142473,2.84428571428571,10.0920913132695,3.42296757712578,6,0.121094378975208,1,14,2.4,3.2,6.91310477956691
"Matt Cassel","QB","TEN",2506562,1982-05-17,0.538,0.538,0.538,1.10853447151923e-16,38,0.0899999999999997,22,11,NA,NA,3.79321556663569
"Matt Flynn","QB","NO",367,1985-06-20,0.01,0.01,0.01,NA,46,0.005,29,8,NA,NA,NA
"Matt Forte","RB","NYJ",234,1985-12-10,8.15664047619048,5.2475,9.72924235474006,2.12135013499042,27,0.186681101412249,8,8,36.7,3.8,3.86485614297812
"Matt Hazel","WR","WAS",2543792,1992-01-23,0,0,0,0,154,0,39,2,NA,NA,NA
"Matt Jones","RB","WAS",2552635,1992-11-17,3.76117565698479,1.57,5.19795693697836,2.12144404561208,60,0.136811280214248,17,1,NA,NA,NA
"Matt Lengel","TE","NE",2553554,1990-12-27,0,0,0,0,90,0,0,1,NA,NA,NA
"Matt McGloin","QB","OAK",2542065,1989-12-02,0,0,0,NA,48,0,30,3,NA,NA,NA
"Matt Moore","QB","MIA",2507282,1984-08-09,0.068,0.068,0.068,0,43,0.041,27,9,NA,NA,3.79321556663568
"Matt Prater","K","DET",2506677,1984-08-10,7.30305680444767,2.51990476190476,9.50860158311346,3.30576075413214,7,0.351034496138825,2,10,6.6,2.7,5.94800547940367
"Matt Ryan","QB","ATL",310,1985-05-17,17.2880226628895,15.072,18.677863708731,2.08465778363307,11,0.298325779036826,5,8,3.3,1.3,5.07052284530339
"Matt Schaub","QB","ATL",2505982,1981-06-25,-0.648,-0.648,-0.648,1.57009975578838e-16,86,NA,31,12,NA,NA,3.79321556663569
"Matt Slater","WR","NE",4487,1985-09-09,0,0,0,0,154,0,40,8,NA,NA,NA
"Matthew Mulligan","TE","DET",2507405,1985-01-18,0,0,0,NA,90,0,0,8,NA,NA,NA
"Matthew Stafford","QB","DET",79860,1988-02-07,16.9675325779037,16.814,17.063824859665,0.144431232102484,13,0.129056657223796,6,7,6,2.2,4.55762712682423
"Maurice Harris","WR","WAS",2556404,1992-11-11,0,0,0,NA,154,0,39,0,NA,NA,NA
"Maxx Williams","TE","BAL",2552468,1994-04-12,1.95182563338301,1.625,2.13815043604651,0.450780573006424,53,0.0384917319801252,17,1,39.4,7,5.36909902636004
"Melvin Gordon","RB","SD",2552469,1993-04-13,8.79569156293223,6.475,10.5705923035479,2.47544098862989,21,0.103246473868285,7,1,NA,NA,NA
"Michael Campanaro","WR","BAL",2550163,1991-01-25,0.2125,0.2125,0.2125,2.74513401690536e-17,146,0.0699832339791356,36,2,110.8,5.5,4.30869505429845
"Michael Crabtree","WR","OAK",71269,1987-09-14,12.1262738095238,10.1375,14.1929436895339,2.46456747475045,23,0.279880952380953,4,7,9.5,4.4,3.64164642248116
"Michael Floyd","WR","NE",2532841,1989-11-27,0,0,0,NA,154,0,39,4,NA,NA,NA
"Michael Hoomanawanui","TE","NO",497246,1988-07-04,0.9625,0.9625,0.9625,1.57048258878978e-16,59,0.168621460506706,18,6,75.4,8.2,6.02365887606258
"Michael Thomas","WR","NO",2556370,1993-03-03,6.47938095238095,2.265,10.2752271317829,4.54200438152781,56,0.183048939482227,12,0,7.4,3.8,3.27780171421718
"Mike Evans","WR","TB",2543468,1993-08-21,15.8083038243626,11.5875,18.4554998570489,3.97059637204821,6,1.18523009881429,2,2,4.8,2.1,2.24690837413592
"Mike Gillislee","RB","BUF",2539663,1990-11-01,5.35948824343015,2.45,7.58470977676992,3.10350008108083,46,0.251271643177036,13,3,NA,NA,NA
"Mike Glennon","QB","TB",2539275,1989-12-12,0,0,0,NA,48,0,30,3,NA,NA,NA
"Mike James","RB","DET",2540224,1991-04-13,0,0,0,0,109,0,28,3,NA,NA,NA
"Mike Nugent","K","FA",2506386,1982-03-02,0,0,0,0,30,0,11,11,NA,NA,1.73027914870698
"Mike Thomas","WR","LAR",2556381,1994-08-16,0,0,0,NA,154,0,39,0,NA,NA,NA
"Mike Tolbert","RB","CAR",2507428,1985-11-23,4.10203319502075,2.25,5.51849677940751,1.97553132716388,58,0.216445366528355,16,8,NA,NA,NA
"Mike Wallace","WR","BAL",2507763,1986-08-01,6.75703571428571,5.5075,8.20270995639535,1.69908863378778,53,0.175555429608258,11,7,60.9,5,4.00549113074513
"Mohamed Sanu","WR","ATL",2533040,1989-08-22,7.32030952380952,5.89,8.01962936046512,0.985920456281212,49,0.304498666271488,10,4,47.9,5.6,4.36933583900911
"Moritz Boehringer","WR","FA",2556261,1993-10-16,0,0,0,NA,154,0,39,0,NA,NA,NA
"Mychal Rivera","TE","OAK",2539995,1990-09-08,0,0,0,NA,90,0,0,3,NA,NA,NA
"Neal Sterling","TE","JAC",2553451,1992-01-14,0,0,0,NA,90,0,0,1,NA,NA,NA
"Nelson Agholor","WR","PHI",2552600,1993-05-24,4.64872886949116,3.875,5.06846043150713,0.565610373832745,78,0.0843706177702073,18,1,58.2,5.6,4.36933583900911
"Nick Boyle","TE","BAL",2552402,1993-02-17,3.1,3.1,3.1,0,40,0.124431818181818,0,1,43.8,6.8,5.26000571807629
"Nick Foles","QB","KC",2532842,1989-01-20,0,0,0,NA,48,0,30,4,NA,NA,NA
"Nick Folk","K","NYJ",2507225,1984-11-05,2,2,2,0,24,0.245573997233748,9,9,NA,NA,1.73027914870698
"Nick Novak","K","HOU",2506194,1981-08-21,1.57261410788382,0,2.60379684472131,1.52256749685078,28,0.786307053941909,10,2016,NA,NA,4.37916509481846
"Nick OLeary","TE","BUF",2552403,1992-08-31,0.242567064083458,0.0375,0.38083344886147,0.200610521458213,80,0.0175670640834575,25,1,55.5,7,5.36909902636004
"Nick Rose","K","SF",2556450,1994-05-05,0,0,0,NA,30,NA,10,0,NA,NA,NA
"Nick Vannett","TE","SEA",2555289,1993-03-06,0.3625,0.3625,0.3625,0,72,0.0141207153502236,23,0,62.7,10.5,7.27823192132579
"Nick Williams","WR","ATL",2540279,1990-11-23,0.7125,0.7125,0.7125,NA,129,0.0306967213114754,30,3,NA,NA,NA
"Niles Paul","TE","WAS",2495211,1989-08-09,0.787649031296572,0.3125,1.13464037654329,0.488988146054394,61,0.106399031296572,19,5,70,11.6,7.87824511688645
"Odell Beckham","WR","NYG",2543496,1992-11-05,18.6020254957507,15.73,20.4032972000269,2.70177304807096,2,1.87752415624322,1,2,8.4,5.7,4.42997662371977
"Orleans Darkwa","RB","NYG",2550481,1992-02-28,2.21935922574693,1.3625,2.95367481753053,0.88530189470039,77,0.00816138670073085,19,2,54.8,7.5,5.91727984480309
"Packers","DST","GB",100011,NA,11.7487332339791,11.7,15.940607630946,3.45348948479437,6,0.092399403874813,4,46,8.7,3.6,2.63734088217344
"Panthers","DST","CAR",100004,NA,13.6847988077496,13.1,18.0480818449078,3.50517839305369,2,1.54523099850969,2,46,16.2,3.6,2.71759963678372
"Patrick DiMarco","RB","ATL",2530763,1989-04-30,0.1875,0.1875,0.1875,2.74513401690536e-17,100,0.03125,24,5,NA,NA,NA
"Patriots","DST","NE",100021,NA,10.7588673621461,10.4,15.0388468873296,3.47092543359037,15,0.362965722801787,11,46,6.4,3.5,2.49959851541212
"Paul Perkins","RB","NYG",2555460,1994-11-16,8.32,8.32,8.32,2.51277214206365e-15,25,0.156795089063941,7,0,46.6,5.7,4.91880344932067
"Paul Richardson","WR","SEA",2543491,1992-04-13,3.06339418777943,1.7625,3.94052156621495,1.27262299550054,105,0.121425750328249,26,2,55.7,6.5,4.91510290140507
"Paxton Lynch","QB","DEN",2555316,1994-02-12,7.668,7.668,7.668,1.25607980463071e-15,31,0.771763456090652,17,0,NA,NA,3.79321556663569
"Peyton Barber","RB","TB",2556466,1994-06-27,0,0,0,NA,109,0,28,0,75,6.1,5.14068709276121
"Pharoh Cooper","WR","LAR",2555419,1995-03-07,2.3,2.3,2.3,4.39221442704858e-16,111,0.0333690476190478,27,0,132.4,5.5,4.30869505429845
"Phil Dawson","K","SF",2500351,1975-01-23,1.8088520055325,1,2.42747450866866,0.86278824821544,26,0.172544951590595,9,18,NA,NA,3.23131451817015
"Philip Rivers","QB","SD",2506121,1981-12-08,17.4,17.4,17.4,0,10,0.25005807365439,5,12,NA,NA,3.79321556663568
"Phillip Supernaw","TE","TEN",2535535,1990-01-30,0.365424739195231,0.2375,0.458845485992425,0.131650654706952,71,0.00917473919523104,23,4,71,3.6,3.51451278553618
"Pierre Garcon","WR","WAS",2346,1986-08-08,6.96912171507607,5.625,7.99712675705233,1.43375105953448,51,0.209353857933214,10,8,NA,NA,NA
"Quan Bray","WR","IND",2553467,1993-04-28,0.669616244411326,0.4625,0.820868882082974,0.213148679049351,131,0.0196907600596126,31,1,115.3,7.9,5.76407388735435
"Quincy Enunwa","WR","NYJ",2543828,1992-05-31,3.60209985835694,3.4075,3.7241486420579,0.18306406166836,95,0.0326140163301152,24,2,NA,NA,NA
"Quinton Patton","WR","SF",2539250,1990-08-09,4.375,4.375,4.375,0,84,0.0896366099605679,20,3,NA,NA,NA
"Raheem Mostert","RB","SF",2553728,1992-04-09,2.2075,2.2075,2.2075,0,79,0.0562190476190474,19,1,NA,NA,NA
"Raiders","DST","OAK",100018,NA,10.6816691505216,5.4,14.012468800819,5.89020226026559,16,0.593666169895677,12,46,19.6,3.7,6.58570581519085
"Rams","DST","LAR",100028,NA,11.7411326378539,7.4,16.0265026567433,5.19846187399412,7,0.228464977645304,5,46,NA,NA,4.90087257864701
"Randall Cobb","WR","GB",2495448,1990-08-22,10.5860476190476,7.33,13.4448653474055,3.45151753353212,33,0.199072204235799,5,5,38.8,13,8.85675390759814
"Randall Telfer","TE","CLE",2552660,1992-05-16,2.07691877794337,0.9875,2.81145894707656,1.06574339524676,51,0.103416675537577,17,1,66.5,4.5,4.00543267281308
"Randy Bullock","K","CIN",2533444,1989-12-16,5.7597200993542,2.15126676602086,7.61682170542636,3.10308941785241,15,0.138086454110221,4,4,26.1,3.6,7.32536609412786
"Rannell Hall","WR","CLE",2553716,1993-01-30,0,0,0,NA,154,0,39,1,NA,NA,NA
"Rashad Greene","WR","JAC",2552425,1992-09-23,0.693990312965723,0.03,1.17888847491307,0.683329588717038,130,0.0279321907600596,30,1,NA,NA,NA
"Rashad Jennings","RB","NYG",71345,1985-03-26,6.875,6.875,6.875,0,33,0.0717522319210842,10,7,NA,NA,NA
"Rashad Ross","WR","SF",2541940,1990-02-02,0,0,0,NA,154,0,39,3,NA,NA,NA
"Rashard Higgins","WR","CLE",2555468,1994-10-07,1.525,1.525,1.525,0,119,0.0872100994635978,28,0,41.4,6.5,4.91510290140507
"Ravens","DST","BAL",100002,NA,9.37660208643815,4.3,12.6481516042381,5.85078370662092,25,0.267734724292101,17,46,1.8,1.7,3.22818692451018
"Redskins","DST","WAS",100032,NA,11.1588673621461,6.8,14.223041416205,5.76590649762267,12,0.300000000000001,9,46,30.4,2,3.59084270166937
"Reggie Bush","RB","BUF",2506874,1985-03-02,2.875,2.875,2.875,NA,69,0.091239434745582,18,10,NA,NA,NA
"Rex Burkhead","RB","CIN",2539265,1990-07-02,2.95,2.95,2.95,6.28193035515912e-16,67,0.0525000000000002,18,3,NA,NA,NA
"Rhett Ellison","TE","MIN",2532835,1988-10-03,0.35,0.35,0.35,0,73,0.0266207153502236,23,4,NA,NA,NA
"Ricardo Louis","WR","CLE",2555473,1994-03-23,1.18716840536513,0.29,1.79208383876893,0.877671031379682,123,0.197831594634873,29,0,77.4,8.9,6.37048173446098
"Richard Rodgers","TE","GB",2550313,1992-01-22,4.20187677053824,3.125,5.05495182186761,1.17413501621775,29,0.205155042130039,11,2,52.1,10,7.00549865061639
"Rishard Matthews","WR","TEN",2532903,1989-10-12,7.53625,5.395,8.96511850152905,1.89126889619928,48,0.344845238095238,9,4,43.7,4.7,3.82356877661315
"Rob Gronkowski","TE","NE",497240,1989-05-14,12.3375,12.3375,12.3375,2.51277214206365e-15,3,1.47319970193741,2,6,1.5,1,2.09629977784734
"Rob Kelley","RB","WAS",2556414,1992-10-03,6.2999758924136,4.47119970193741,8.19623016152278,2.24197028526783,42,0.103052380952381,11,0,40.9,9.7,7.13763988372605
"Robbie Gould","K","NYG",2506264,1982-12-06,2,2,2,0,24,0.0955739972337484,8,11,NA,NA,1.73027914870698
"Robby Anderson","WR","NYJ",2556462,1993-05-09,5.87239195230999,1.425,8.87104417218313,4.350740684125,63,0.247391952309985,14,0,65.9,5.8,4.49061740843043
"Robert Griffin","QB","CLE",2533033,1990-02-12,11.1,11.1,11.1,2.51843599756742e-15,28,0.775509915014164,16,4,NA,NA,3.79321556663569
"Robert Turbin","RB","IND",2533460,1989-12-02,3.00151904761905,1.875,4.00714382751938,1.20479187479603,66,0.0665190476190478,18,4,72.1,8.9,6.69387259684498
"Robert Woods","WR","BUF",2540169,1992-04-10,4.31552558782849,4.25,4.35115435356201,0.0883883476483184,85,0.0825598650267043,21,3,NA,NA,NA
"Rod Smith","RB","DAL",2553743,1992-01-10,0,0,0,0,109,0,28,1,87.2,10.1,7.35952352716659
"Rod Streater","WR","SF",2535869,1988-02-09,0,0,0,NA,154,0,39,4,NA,NA,NA
"Roger Lewis","WR","NYG",2556592,1993-11-27,3.85,3.85,3.85,0,90,0.0287230679156902,22,0,102.3,11,7.64393821338489
"Ronnie Hillman","RB","SD",2533437,1991-09-14,0,0,0,NA,109,0,28,4,NA,NA,NA
"Roosevelt Nix","RB","PIT",2550235,1992-03-30,0.0375,0.0375,0.0375,9.81551617993613e-18,107,0.0275,28,2,NA,NA,NA
"Rory Anderson","TE","FA",2553465,1992-10-02,0,0,0,NA,90,0,0,1,NA,NA,NA
"Ross Travis","TE","KC",2554630,1993-01-09,0.2625,0.2625,0.2625,NA,78,0.0162164679582713,25,1,64.8,9.9,6.95095199647452
"Rueben Randle","WR","CHI",2533533,1991-05-07,0,0,0,NA,154,0,39,4,NA,NA,NA
"Russell Shepard","WR","TB",2541944,1990-11-17,3.475,3.475,3.475,0,99,0.222513040238449,25,3,NA,NA,NA
"Russell Wilson","QB","SEA",2532975,1988-11-29,21.3785127478754,20.89,21.6304854881266,0.643467170879758,1,1.23183569405099,1,4,11.4,2.9,6.27846580587799
"Ryan Fitzpatrick","QB","NYJ",2506581,1982-11-24,16.8,16.8,16.8,0,16,0.403287535410765,8,11,NA,NA,3.79321556663568
"Ryan Grant","WR","WAS",2543759,1990-12-19,3.3299739195231,2.8,3.7170027276829,0.545409855214517,100,0.1799739195231,25,2,82.7,8,5.82471467206501
"Ryan Griffin","TE","HOU",2541316,1990-01-11,3.88139017812788,2.34619970193741,4.86631177325581,1.28622952736532,33,0.193638687814917,12,3,33.9,5.7,4.65999252251562
"Ryan Hewitt","TE","CIN",2550206,1991-01-24,0.2125,0.2125,0.2125,2.74513401690536e-17,83,0.01875,25,2,72.5,10.5,7.27823192132579
"Ryan Mallett","QB","BAL",2495443,1988-06-05,0.442,0.442,0.442,5.54267235759613e-17,40,0.291,24,5,NA,NA,3.79321556663568
"Ryan Mathews","RB","PHI",497188,1987-10-10,13.875,13.875,13.875,1.84261199714293e-15,10,0.682422315526781,4,6,NA,NA,NA
"Ryan Nassib","QB","NYG",2539961,1990-03-10,0,0,0,NA,48,0,30,3,NA,NA,NA
"Ryan Succop","K","TEN",89802,1986-09-19,5.59828874678621,2.46085714285714,7.03565010570825,2.12483596628106,17,0.31894447855531,4,7,17.8,3.1,5.61126410012552
"Ryan Tannehill","QB","MIA",2532956,1988-07-27,12.3772039660057,11.6,12.9928856589651,0.847397228908985,23,0.388637393767706,13,4,NA,NA,5.5822457608491
"Saints","DST","NO",100022,NA,10.1101341281669,5.7,13.1891207153502,5.76917732734179,17,0.0540983606557379,12,46,29.8,2,3.59592140672697
"Sam Bradford","QB","MIN",497095,1987-11-08,0,0,0,NA,48,0,30,6,NA,NA,NA
"Sammie Coates","WR","PIT",2552470,1993-03-31,4.02513831258645,2.2625,5.1809222967918,1.70654440272024,88,0.159061561468711,21,1,NA,NA,NA
"Sammy Watkins","WR","BUF",2543457,1993-06-14,13.5041493775934,8,16.4969656992084,7.42462120245875,18,0.437624944165599,3,2,NA,NA,NA
"Scott Tolzien","QB","IND",2495425,1987-09-04,0.744,0.744,0.744,0,37,0.248,22,5,NA,NA,3.79321556663568
"Seahawks","DST","SEA",100030,NA,9.86900149031296,6.6,13.8115542288197,4.79997836502589,20,0.251266766020864,13,46,9.1,4.5,6.21141098150734
"Sean Mannion","QB","LAR",2552576,1992-04-25,0.156,0.156,0.156,2.77979829369454e-17,41,0.049,25,1,NA,NA,3.79321556663568
"Sean McGrath","TE","SD",2535943,1987-12-03,0.15,0.15,0.15,3.92620647197445e-17,88,0.11875,26,4,NA,NA,NA
"Sebastian Janikowski","K","OAK",2504257,1978-03-02,5.0395373864274,2.44419263456091,6.40796354041737,2.21320105766107,19,2.1395373864274,5,16,NA,NA,5.58069444371577
"Seth DeValve","TE","CLE",2556365,1993-01-29,3.025,3.025,3.025,6.28193035515912e-16,41,0.121777056277056,14,0,28.9,5,4.27816594352248
"Seth Roberts","WR","OAK",2550597,1991-02-22,5.36339285714286,5.01,5.7011746941896,0.403717950011443,70,0.0665892857142865,16,2,80.6,6.7,5.0363844708264
"Seyi Ajirotutu","WR","PHI",497260,1987-06-12,0.075,0.075,0.075,NA,150,0.0275707898658718,39,6,NA,NA,NA
"Shane Vereen","RB","NYG",2495473,1989-03-02,4.91556845149386,4.1375,5.70604782709787,0.935539357085938,51,0.0810270208989605,15,5,43.8,3.7,3.80938523211798
"Shaun Hill","QB","MIN",2504833,1980-01-09,9.8,9.8,9.8,0,30,2.26976345609065,16,2016,NA,NA,3.79321556663568
"Silas Redd","RB","WAS",2550529,1992-03-01,1.505,1.505,1.505,NA,88,0.0810916542473921,20,2,NA,NA,NA
"Spencer Ware","RB","KC",2540204,1991-11-23,13.912209631728,11.985,15.1209134482424,1.81296546590182,9,0.37397153648995,4,3,NA,NA,NA
"Stedman Bailey","WR","LAR",2540157,1990-11-11,0,0,0,NA,154,0,39,3,NA,NA,NA
"Steelers","DST","PIT",100027,NA,12.1842026825633,6.8,16.7604328702341,5.67642419072552,3,0.193368107302533,3,46,4,2.6,4.44079491650335
"Stefon Diggs","WR","MIN",2552608,1993-11-29,12.1141428571429,9.765,13.4824058047493,1.8575401680001,24,0.607497777119148,4,1,26.2,5.7,4.42997662371977
"Stepfan Taylor","RB","ARI",2539315,1991-06-09,0,0,0,NA,109,0,28,3,NA,NA,NA
"Stephen Anderson","TE","HOU",2556463,1993-01-30,0.2875,0.2875,0.2875,0,76,0.03125,25,0,38.4,6.3,4.98727244736689
"Stephen Gostkowski","K","NE",2506922,1984-01-28,7.09144684045138,2.66533333333333,10.2049648102815,3.66012298703884,8,0.330444785822423,2,10,2.4,1.5,4.18471051192756
"Stephen Morris","QB","FA",2550376,1992-08-27,0,0,0,NA,48,0,30,2,NA,NA,NA
"Sterling Shepard","WR","NYG",2555295,1993-02-10,10.798119047619,7.535,13.3184607299912,3.10821052025388,29,0.0645892857142858,5,0,55.4,4.3,3.58100563777049
"Steve Johnson","WR","SD",768,1986-07-22,0,0,0,NA,154,0,0,8,NA,NA,NA
"Steven Hauschka","K","SEA",2507374,1985-06-29,2.38063623789765,2,2.67175270996172,0.406017999160207,23,0.380636237897648,7,2016,NA,NA,2.43664873433671
"Steven Jackson","RB","NE",2505936,1983-07-22,2.92,2.92,2.92,NA,68,0.073739434745582,18,12,NA,NA,NA
"Storm Johnson","RB","MIA",2543570,1992-07-17,0,0,0,NA,109,0,28,2,NA,NA,NA
"T.J. Jones","WR","DET",2543836,1992-07-19,2.2625,2.2625,2.2625,6.28193035515912e-16,113,0.0473700768655192,27,2,NA,NA,NA
"T.J. Yeldon","RB","JAC",2552471,1993-10-02,6.43910764872521,4.63,7.57374047926929,1.70186451813068,41,0.141813899168758,11,1,76.7,7.3,5.80633802308282
"T.Y. Hilton","WR","IND",2532865,1989-11-14,13.9344523809524,10.7125,17.2682149956025,3.97673119428207,13,0.110196428571429,3,4,31.2,5,4.00549113074513
"Taiwan Jones","RB","OAK",2495467,1988-07-26,0.1425,0.1425,0.1425,3.92620647197445e-17,102,0.0175,25,5,NA,NA,NA
"Tajae Sharpe","WR","TEN",2555317,1994-12-23,10.4369865439093,6.1625,13.1178512065821,4.02109680285328,34,0.408366299069204,5,0,NA,NA,NA
"Tanner McEvoy","WR","SEA",2556612,1993-01-26,0.637350968703428,0.1375,0.974375281599834,0.488988146054394,133,0.0948509687034277,31,0,123.8,11.1,7.70457899809555
"Tavarres King","WR","NYG",2539235,1990-07-14,0.05,0.05,0.05,1.55017126911205e-17,151,0.0213207898658718,39,3,NA,NA,NA
"Tavon Austin","WR","LAR",2539336,1991-03-15,10.5983333333333,7.69,13.5034080914688,3.47089152794101,32,0.0868162518548488,5,3,90.2,6.7,5.0363844708264
"Taylor Gabriel","WR","ATL",2550617,1991-02-17,7.0625,7.0625,7.0625,0,50,0.196689142461965,10,2,69.3,5.5,4.30869505429845
"Ted Ginn","WR","CAR",2507166,1985-04-12,6.24318810511757,3.775,8.13089647865805,2.63277296330447,58,0.192281990564591,13,9,NA,NA,NA
"Teddy Bridgewater","QB","MIN",2543465,1992-10-10,0,0,0,NA,48,0,30,2,NA,NA,NA
"Temarrick Hemingway","TE","LAR",2555486,1993-07-30,0.0625,0.0625,0.0625,0,89,0.0625,26,0,NA,NA,NA
"Terrance West","RB","BAL",2543664,1991-01-21,6.58109285714286,5.6725,7.48212559593023,1.0669625449063,39,0.119579046944557,11,2,41.5,7.1,5.69539620136255
"Terrance Williams","WR","DAL",2539205,1989-09-18,6.08096160669931,4.84619970193741,7.01066513761468,1.28334512681426,59,0.129439717893265,13,3,72.8,7,5.21830682495839
"Terrell Watson","RB","PHI",2553617,1993-08-22,0,0,0,0,109,0,28,1,NA,NA,NA
"Terrelle Pryor","WR","CLE",2531332,1989-06-20,8.14619640387275,5,10.5524559932774,3.35599252430859,43,0.112809499110847,8,5,NA,NA,NA
"Terron Ward","RB","ATL",2553762,1992-02-15,0.4375,0.4375,0.4375,0,95,0.0554582712369598,21,1,85.4,9.8,7.19311079458619
"Tevin Coleman","RB","ATL",2552453,1993-04-16,6.76557678660138,3.45760059612519,9.27407932811724,3.15527020735439,35,0.0915032751401608,10,1,27.5,3.1,3.47655976695718
"Texans","DST","HOU",100013,NA,11.269001490313,10.5,15.6674812804914,3.53412135615935,10,0.0778688524590176,7,46,21.6,4.4,4.08106521005768
"Theo Riddick","RB","DET",2540020,1991-05-04,8.68220952380952,6.14,11.3176363940193,3.14349560924076,23,0.324843304236747,7,3,32.1,4.7,4.36409434071933
"Thomas Duarte","TE","MIA",2555483,1995-03-30,0,0,0,NA,90,0,0,0,NA,NA,NA
"Thomas Rawls","RB","SEA",2553733,1993-08-03,5.02507082152975,2.825,6.76791232424565,2.39877046324057,48,0.0319138277038986,14,1,55.2,7.2,5.75086711222269
"Tim Hightower","RB","NO",4383,1986-05-23,2.125,2.125,2.125,0,81,0.141296572280179,19,8,NA,NA,NA
"Tim Tebow","QB","FA",497135,1987-08-14,0,0,0,NA,48,0,30,6,NA,NA,NA
"Titans","DST","TEN",100012,NA,8.92026825633383,4.1,12.117755108512,5.81088134538569,28,0.180700447093891,19,46,13.8,3.7,6.46254210256473
"Todd Gurley","RB","LAR",2552475,1994-08-03,16.0090285714286,13.07,17.6252599388379,2.17098361029557,3,0.302825892413594,2,1,6,2.1,2.92185065835583
"Tom Brady","QB","NE",2504211,1977-08-03,0,0,0,NA,48,0,30,16,2.4,0.9,0.582053824459455
"Tom Savage","QB","HOU",2543640,1990-04-26,0.9,0.9,0.9,1.57009975578838e-16,36,0.259,21,2,34.4,1.5,3.21111025672197
"Tommy Bohanon","RB","FA",2540225,1990-09-10,0,0,0,NA,109,0,28,3,NA,NA,NA
"Tommylee Lewis","WR","NO",2556752,1992-10-24,0.325,0.325,0.325,0,141,0.07,35,0,96.4,12.6,8.61419076875549
"Tony Romo","QB","DAL",2505354,1980-04-21,0,0,0,NA,48,0,30,13,NA,NA,NA
"Torrey Smith","WR","SF",2495459,1989-01-26,6.52358229598893,6.25,6.73282226028499,0.291825436896399,55,0.109153859458514,12,5,NA,NA,NA
"Tra Carson","RB","CIN",2556493,1992-10-24,0,0,0,NA,109,0,28,0,NA,NA,NA
"Travaris Cadet","RB","NO",2535890,1989-02-01,0,0,0,NA,109,0,28,4,NA,NA,NA
"Travis Benjamin","WR","SD",2532790,1989-12-29,3.67389349930844,3.5625,3.74693560983443,0.10784853102693,93,0.0443024936427139,23,4,NA,NA,NA
"Travis Kelce","TE","KC",2540258,1989-10-05,10.801124405649,8.275,12.7295911853952,2.38435566445739,5,0.460238939189281,2,3,2,0.7,1.93265981542171
"Tre Madden","RB","SEA",2556603,1993-08-16,0,0,0,0,109,0,28,0,NA,NA,NA
"Tre Mason","RB","LAR",2543502,1993-08-06,0,0,0,NA,109,0,28,2,NA,NA,NA
"Tre McBride","WR","TEN",2552428,1992-12-01,0.2625,0.2625,0.2625,0,142,0.02,35,1,NA,NA,NA
"Trevone Boykin","QB","SEA",2556477,1993-08-22,0,0,0,NA,48,0.336,30,0,NA,NA,NA
"Trevor Davis","WR","GB",2555413,1993-07-04,0.4625,0.4625,0.4625,7.85241294394891e-17,137,0.0259500745156483,33,0,114.8,19,12.4952009902379
"Trevor Siemian","QB","DEN",2553457,1991-12-26,7.3924730878187,4.718,9.06984423374469,2.51593146270833,32,2.7474730878187,17,1,18,2.7,7.91388629789415
"Trey Burton","TE","PHI",2550284,1991-10-29,3.2625,3.2625,3.2625,6.28193035515912e-16,37,0.0812499999999998,14,2,49.9,10.6,7.33277857546766
"Troy Niklas","TE","ARI",2543628,1992-09-18,0.531650521609538,0.2625,0.71312515163068,0.263301309413905,66,0.0589418777943368,20,2,56.9,8.2,6.02365887606258
"Tyler Boyd","WR","CIN",2555466,1994-11-15,5.56441398765169,4.40619970193741,6.47266418622987,1.13521281755384,68,0.103447157973764,15,0,96.9,13.5,9.15995783115146
"Tyler Bray","QB","KC",2540173,1991-12-27,0,0,0,NA,48,0,30,3,NA,NA,NA
"Tyler Eifert","TE","CIN",2540148,1990-09-08,8.3875,8.3875,8.3875,0,10,0.396408052607663,4,3,NA,NA,NA
"Tyler Ervin","RB","HOU",2555234,1993-10-07,1.56577321339862,0.7125,2.20295546807886,0.795292757323352,86,0.0432732133986236,20,0,65.8,6.3,5.25162891448148
"Tyler Gaffney","RB","FA",2543655,1991-04-20,0,0,0,NA,109,0,28,2,NA,NA,NA
"Tyler Higbee","TE","LAR",2555364,1993-01-01,2.37126190476191,1.25,3.06142966360856,0.886118123803989,49,0.182814420552126,16,0,37.8,5.5,4.55089921423187
"Tyler Kroft","TE","CIN",2552586,1992-10-15,2.79243666169896,0.3375,4.58522527880702,2.52643875461437,44,0.199355714640551,15,1,43.5,11.8,7.98733842517021
"Tyler Lockett","WR","SEA",2552430,1992-09-28,10.675869047619,7.36,12.606024648197,2.65317952723428,31,0.0836785714285728,5,1,54.1,5.6,4.36933583900911
"Tyreek Hill","WR","KC",2556214,1994-03-01,3.08077113050884,0.27,5.18624371772433,2.6130566112834,104,0.068418937468977,25,0,14.3,3.8,3.27780171421718
"Tyrell Williams","WR","SD",2553913,1992-02-12,5.558540802213,4.375,6.33969113372093,1.75892811820154,69,0.204832468879667,15,1,NA,NA,NA
"Tyrod Taylor","QB","BUF",2495240,1989-08-03,18.4532946175637,15.038,20.595292857303,3.21283740781822,7,0.737932011331445,4,5,24.7,2.7,8.64954233723101
"Vance McDonald","TE","SF",2540215,1990-06-13,7.86569847856155,4.4125,10.1300039048672,3.34330446183483,12,0.464554281911206,4,3,NA,NA,NA
"Vernon Davis","TE","WAS",2495826,1984-01-31,2.88030952380952,1.775,3.76084210271318,1.07662086611305,43,0.176656669150522,15,10,29.8,5.5,4.55089921423187
"Victor Cruz","WR","NYG",2507855,1986-11-11,0,0,0,NA,154,0,39,6,NA,NA,NA
"Vikings","DST","MIN",100020,NA,13.730998509687,9,18.1410293578065,5.3922610751592,1,0.796497764530553,1,46,12.6,2.7,4.16438285542656
"Vince Mayle","WR","BAL",2552431,1991-06-12,0,0,0,0,154,0,39,1,NA,NA,NA
"Vincent Jackson","WR","TB",2506400,1983-01-14,12.875,12.875,12.875,2.51843599756742e-15,20,0.339338698725033,4,11,NA,NA,NA
"Virgil Green","TE","DEN",2495288,1988-08-03,4.30213095238095,3.75,4.88641470438328,0.69014169725108,28,0.188441076798865,11,5,33.3,2.4,2.85995293583364
"Walt Powell","WR","BUF",2543619,1991-11-23,0,0,0,NA,154,0,39,2,NA,NA,NA
"Wendell Smallwood","RB","PHI",2555461,1994-01-26,4.33979880774963,3.755,4.76686507882252,0.601831564374639,55,0.0420086296217441,16,0,58.7,6.1,5.14068709276121
"Wil Lutz","K","NO",2556601,1994-07-07,6.70940633309161,2.6772380952381,9.05046437994723,3.0255485965487,10,0.135268907563026,3,0,NA,NA,6.99397561750179
"Will Fuller","WR","HOU",2555346,1994-04-16,8.80487606232295,4.3425,11.6035809299484,4.197848310671,39,0.195916389482125,7,0,NA,NA,NA
"Will Johnson","RB","NYG",163982,1989-11-14,0,0,0,NA,109,0,28,5,NA,NA,NA
"Will Tye","TE","NYG",2553830,1991-11-04,3.89920470262794,3.375,4.24293228157377,0.507522498950259,32,0.0835096135639972,12,1,NA,NA,NA
"Willie Snead","WR","NO",2550256,1992-10-17,11.3672592067989,7.435,13.8334863533079,3.69915655647099,28,0.572604444894104,5,2,NA,NA,NA
"Xavier Grimble","TE","PIT",2550521,1992-09-02,0.475,0.475,0.475,5.61403116835063e-17,67,0.0147913561847988,21,2,66.7,5.2,4.38725925180623
"Zach Ertz","TE","PHI",2540158,1990-11-10,7.17385982187212,6.10380029806259,8.04327839952374,1.07113347988413,14,0.470035775241016,6,3,2.8,0.8,1.98720646956358
"Zach Line","RB","MIN",2539303,1990-04-26,0,0,0,NA,109,0,28,3,NA,NA,NA
"Zach Mettenberger","QB","PIT",2543605,1991-07-16,0,0,0,NA,48,0,30,2,NA,NA,NA
"Zach Miller","TE","CHI",238457,1984-10-04,5.57928571428571,3.775,6.51022935779817,1.28325936079477,19,0.300193322317209,8,7,19.4,3.8,3.62360609381994
"Zach Zenner","RB","DET",2553631,1991-09-13,1,1,1,0,92,0.318651266766021,21,1,80.9,6.8,5.52898346878215
